{
    "Modality": "PET",
    "Manufacturer": "Siemens",
    "ManufacturersModelName": "Biograph 40 PET/CT",
    "DeviceSerialNumber": "10000",
    "Unit": "BQML",
    "InstitutionName": "Mallinckrodt Institute of Radiology and Knight Alzheimer's Disease Research Center at Washington University in St. Louis",
    "BodyPart": "Brain",
    "TracerName": "PIB",
    "TracerRadionuclide": "C11",
    "InjectedRadioactivity": 18.3,
    "InjectedRadioactivityUnit": "mCi",
    "InjectedMass": "n/a",
    "InjectedMassUnit": "n/a",
    "SpecificRadioactivity": "n/a",
    "SpecificRadioactivityUnit": "n/a",
    "ModeOfAdministration": "bolus",
    "TimeZero": "14:10:35",
    "TimeZeroUnit": "hh:mm:ss",
    "InjectionStart": "14:10:35",
    "InjectionStartUnit": "hh:mm:ss",
    "ScanStart": "14:40:35",
    "ScanStartUnit": "hh:mm:ss",
    "FrameTimes": {
        "FrameTimes": {
            "Labels": [
                "frameStart",
                "frameMidtime",
                "frameDuration",
                "DecayCorrectionFactor",
                "frameIndex"
            ],
            "Units": [
                "s",
                "s",
                "s",
                "s",
                ""
            ],
            "Values": [
                [
                    1800.0,
                    1950.0,
                    300.0,
                    1.08742,
                    1
                ],
                [
                    2100.0,
                    2250.0,
                    300.0,
                    1.28896,
                    2
                ],
                [
                    2400.0,
                    2550.0,
                    300.0,
                    1.52786,
                    3
                ],
                [
                    2700.0,
                    2850.0,
                    300.0,
                    1.81103,
                    4
                ],
                [
                    3000.0,
                    3150.0,
                    300.0,
                    2.14668,
                    5
                ],
                [
                    3300.0,
                    3450.0,
                    300.0,
                    2.54454,
                    6
                ]
            ]
        }
    },
    "AcquisitionMode": "n/a",
    "ImageDecayCorrected": "true",
    "ImageDecayCorrectionTime": "START",
    "ReconMethodName": "Backprojection",
    "ReconMethodParameterLabels": [
        "subsets",
        "iterations"
    ],
    "ReconMethodParameterUnit": [
        "none",
        "none"
    ],
    "ReconMethodParameterValues": [
        "n/a",
        "n/a"
    ],
    "ReconFilterType": "n/a",
    "ReconFilterSize": "n/a",
    "AttenuationCorrection": "measured_/TF rereg^AC_CT",
    "ConversionSoftware": "dcm2niix",
    "ConversionSoftwareVersion": "v1.0.20181125  GCC4.8.2"
}