{
    "Modality": "PET",
    "Manufacturer": "Siemens",
    "ManufacturersModelName": "BioGraph mMR PET",
    "DeviceSerialNumber": "51010",
    "Unit": "BQML",
    "InstitutionName": "Mallinckrodt Institute of Radiology and Knight Alzheimer's Disease Research Center at Washington University in St. Louis",
    "BodyPart": "Brain",
    "TracerName": "AV45",
    "TracerRadionuclide": "F18",
    "InjectedRadioactivity": 9.0,
    "InjectedRadioactivityUnit": "mCi",
    "InjectedMass": "n/a",
    "InjectedMassUnit": "n/a",
    "SpecificRadioactivity": "n/a",
    "SpecificRadioactivityUnit": "n/a",
    "ModeOfAdministration": "bolus",
    "TimeZero": "14:10:11",
    "TimeZeroUnit": "hh:mm:ss",
    "InjectionStart": "14:10:11",
    "InjectionStartUnit": "hh:mm:ss",
    "ScanStart": "15:00:11",
    "ScanStartUnit": "hh:mm:ss",
    "FrameTimes": {
        "FrameTimes": {
            "Labels": [
                "frameStart",
                "frameMidtime",
                "frameDuration",
                "DecayCorrectionFactor",
                "frameIndex"
            ],
            "Units": [
                "s",
                "s",
                "s",
                "s",
                ""
            ],
            "Values": [
                [
                    3000.0,
                    3150.0,
                    300.0,
                    1.01587,
                    1
                ],
                [
                    3300.0,
                    3450.0,
                    300.0,
                    1.04845,
                    2
                ],
                [
                    3600.0,
                    3750.0,
                    300.0,
                    1.08209,
                    3
                ],
                [
                    3900.0,
                    4050.0,
                    300.0,
                    1.11679,
                    4
                ]
            ]
        }
    },
    "AcquisitionMode": "n/a",
    "ImageDecayCorrected": "true",
    "ImageDecayCorrectionTime": "START",
    "ReconMethodName": "OP-OSEM",
    "ReconMethodParameterLabels": [
        "subsets",
        "iterations"
    ],
    "ReconMethodParameterUnit": [
        "none",
        "none"
    ],
    "ReconMethodParameterValues": [
        "21",
        "3"
    ],
    "ReconFilterType": "n/a",
    "ReconFilterSize": "n/a",
    "AttenuationCorrection": "measured",
    "ConversionSoftware": "dcm2niix",
    "ConversionSoftwareVersion": "v1.0.20181125  GCC4.8.2"
}