{
    "Modality": "PT",
    "Manufacturer": "SIEMENS",
    "ManufacturersModelName": "ECAT HRplus 962 PET scanner",
    "DeviceSerialNumber": "101006",
    "Tracer.Name": "FDG",
    "Tracer.Isotope": "F18",
    "Tracer.InjectionType": "Bolus",
    "Recon.MethodName": "Back projection reconstruction",
    "BodyPart": "HEAD",
    "AttenuationCorrection": "2D measured ",
    "Data.DecayCorrectionTime": "Start",
    "Dosage": "",
    "DosageUnits": "",
    "InjectedMass": "",
    "InjectedMassUnits": "",
    "SpecificRadioactivity": "",
    "InjectionTime": "",
    "InjectionStartUnits": "hh:mm:ss",
    "ScanStartTime": "",
    "ScanStartUnits": "hh:mm:ss",
    "Time": {
        "FrameTimes": {
            "Labels": [
                "frameStart",
                "frameMidtime",
                "frameDuration",
                "DecayCorrectionFactor",
                "frameIndex"
            ],
            "Units": [
                "s",
                "s",
                "s",
                "s",
                ""
            ],
            "Values": [
                [
                    0.0,
                    2.5,
                    5.0,
                    1.00322,
                    1
                ],
                [
                    5.0,
                    7.5,
                    5.0,
                    1.00374,
                    2
                ],
                [
                    10.0,
                    12.5,
                    5.0,
                    1.00427,
                    3
                ],
                [
                    15.0,
                    17.5165,
                    5.033,
                    1.0048,
                    4
                ],
                [
                    20.033,
                    22.533,
                    5.0,
                    1.00533,
                    5
                ],
                [
                    25.033,
                    27.533,
                    5.0,
                    1.00586,
                    6
                ],
                [
                    30.033,
                    32.533,
                    5.0,
                    1.00639,
                    7
                ],
                [
                    35.033,
                    37.533,
                    5.0,
                    1.00692,
                    8
                ],
                [
                    40.033,
                    42.533,
                    5.0,
                    1.00745,
                    9
                ],
                [
                    45.033,
                    47.533,
                    5.0,
                    1.00798,
                    10
                ],
                [
                    50.033,
                    52.533,
                    5.0,
                    1.00851,
                    11
                ],
                [
                    55.033,
                    57.533,
                    5.0,
                    1.00904,
                    12
                ],
                [
                    60.033,
                    62.533,
                    5.0,
                    1.00957,
                    13
                ],
                [
                    65.033,
                    67.533,
                    5.0,
                    1.0101,
                    14
                ],
                [
                    70.033,
                    72.533,
                    5.0,
                    1.01064,
                    15
                ],
                [
                    75.033,
                    77.533,
                    5.0,
                    1.01117,
                    16
                ],
                [
                    80.033,
                    82.533,
                    5.0,
                    1.0117,
                    17
                ],
                [
                    85.033,
                    87.533,
                    5.0,
                    1.01223,
                    18
                ],
                [
                    90.033,
                    92.533,
                    5.0,
                    1.01277,
                    19
                ],
                [
                    95.033,
                    97.533,
                    5.0,
                    1.0133,
                    20
                ],
                [
                    100.033,
                    102.533,
                    5.0,
                    1.01383,
                    21
                ],
                [
                    105.033,
                    107.533,
                    5.0,
                    1.01437,
                    22
                ],
                [
                    110.033,
                    112.533,
                    5.0,
                    1.0149,
                    23
                ],
                [
                    115.033,
                    117.533,
                    5.0,
                    1.01543,
                    24
                ],
                [
                    120.033,
                    130.033,
                    20.0,
                    1.01677,
                    25
                ],
                [
                    140.033,
                    150.033,
                    20.0,
                    1.01891,
                    26
                ],
                [
                    160.033,
                    170.033,
                    20.0,
                    1.02106,
                    27
                ],
                [
                    180.033,
                    190.033,
                    20.0,
                    1.02321,
                    28
                ],
                [
                    200.033,
                    210.033,
                    20.0,
                    1.02537,
                    29
                ],
                [
                    220.033,
                    230.033,
                    20.0,
                    1.02753,
                    30
                ],
                [
                    240.033,
                    250.033,
                    20.0,
                    1.02969,
                    31
                ],
                [
                    260.033,
                    270.033,
                    20.0,
                    1.03186,
                    32
                ],
                [
                    280.033,
                    290.033,
                    20.0,
                    1.03404,
                    33
                ],
                [
                    300.033,
                    330.033,
                    60.0,
                    1.0384,
                    34
                ],
                [
                    360.033,
                    390.033,
                    60.0,
                    1.04498,
                    35
                ],
                [
                    420.033,
                    450.033,
                    60.0,
                    1.05159,
                    36
                ],
                [
                    480.033,
                    510.033,
                    60.0,
                    1.05826,
                    37
                ],
                [
                    540.033,
                    570.033,
                    60.0,
                    1.06496,
                    38
                ],
                [
                    600.033,
                    630.033,
                    60.0,
                    1.07171,
                    39
                ],
                [
                    660.033,
                    690.033,
                    60.0,
                    1.07849,
                    40
                ],
                [
                    720.033,
                    750.033,
                    60.0,
                    1.08533,
                    41
                ],
                [
                    780.033,
                    810.033,
                    60.0,
                    1.0922,
                    42
                ],
                [
                    840.033,
                    870.033,
                    60.0,
                    1.09912,
                    43
                ],
                [
                    900.033,
                    1050.033,
                    300.0,
                    1.12009,
                    44
                ],
                [
                    1200.03,
                    1350.03,
                    300.0,
                    1.15602,
                    45
                ],
                [
                    1500.03,
                    1650.03,
                    300.0,
                    1.1931,
                    46
                ],
                [
                    1800.03,
                    1950.03,
                    300.0,
                    1.23137,
                    47
                ],
                [
                    2100.03,
                    2250.03,
                    300.0,
                    1.27087,
                    48
                ],
                [
                    2400.03,
                    2550.03,
                    300.0,
                    1.31164,
                    49
                ],
                [
                    2700.03,
                    2850.03,
                    300.0,
                    1.35371,
                    50
                ],
                [
                    3000.03,
                    3150.03,
                    300.0,
                    1.39713,
                    51
                ],
                [
                    3300.03,
                    3450.03,
                    300.0,
                    1.44195,
                    52
                ]
            ]
        }
    },
    "ConversionSoftware": "dcm2niix",
    "ConversionSoftwareVersion": "v1.0.20180404 GCC4.4.7"
}