{
    "Modality": "MR",
    "MagneticFieldStrength": 3,
    "ImagingFrequency": 123.197,
    "Manufacturer": "Siemens",
    "ManufacturersModelName": "Biograph_mMR",
    "DeviceSerialNumber": "51010",
    "BodyPartExamined": "BRAIN",
    "PatientPosition": "HFS",
    "SoftwareVersions": "syngo_MR_E11",
    "MRAcquisitionType": "3D",
    "SeriesDescription": "Head_MPRAGE",
    "ScanningSequence": "GR_IR",
    "SequenceVariant": "SK_SP_MP",
    "ScanOptions": "IR",
    "SequenceName": "_tfl3d1_16ns",
    "ImageType": [
        "ORIGINAL",
        "PRIMARY",
        "M",
        "ND",
        "NORM"
    ],
    "AcquisitionTime": "13:56:48.430000",
    "AcquisitionNumber": 1,
    "SliceThickness": 1.2,
    "SAR": 0.0560751,
    "EchoTime": 0.00295,
    "RepetitionTime": 2.3,
    "InversionTime": 0.9,
    "FlipAngle": 9,
    "PartialFourier": 1,
    "BaseResolution": 256,
    "ShimSetting": [
        -9496,
        14565,
        8,
        -553,
        -113,
        211,
        332,
        -131
    ],
    "TxRefAmp": 335.497,
    "PhaseResolution": 1,
    "ReceiveCoilName": "HeadNeck_MRPET",
    "ReceiveCoilActiveElements": "HEA;HEP;NEP",
    "PulseSequenceDetails": "%SiemensSeq%_tfl",
    "ConsistencyInfo": "N4_VE11P_LATEST_20161021",
    "PercentPhaseFOV": 93.75,
    "PhaseEncodingSteps": 239,
    "AcquisitionMatrixPE": 240,
    "ReconMatrixPE": 256,
    "PixelBandwidth": 240,
    "DwellTime": 8.2e-06,
    "ImageOrientationPatientDICOM": [
        0,
        1,
        0,
        0,
        0,
        -1
    ],
    "InPlanePhaseEncodingDirectionDICOM": "ROW",
    "ConversionSoftware": "dcm2niix",
    "ConversionSoftwareVersion": "v1.0.20181125  GCC4.8.2"
}