{
    "Modality": "PT",
    "Manufacturer": "SIEMENS",
    "ManufacturersModelName": "ECAT HRplus 962 PET scanner",
    "DeviceSerialNumber": "101006",
    "Tracer.Name": "PIB",
    "Tracer.Isotope": "C11",
    "Tracer.InjectionType": "Bolus",
    "Recon.MethodName": "Back projection reconstruction",
    "BodyPart": "HEAD",
    "AttenuationCorrection": "2D measured ",
    "Data.DecayCorrectionTime": "Start",
    "Dosage": 18.9,
    "DosageUnits": "mCi",
    "InjectedMass": "",
    "InjectedMassUnits": "",
    "SpecificRadioactivity": 2541.0,
    "InjectionTime": "",
    "InjectionStartUnits": "hh:mm:ss",
    "ScanStartTime": "",
    "ScanStartUnits": "hh:mm:ss",
    "Time": {
        "FrameTimes": {
            "Labels": [
                "frameStart",
                "frameMidtime",
                "frameDuration",
                "DecayCorrectionFactor",
                "frameIndex"
            ],
            "Units": [
                "s",
                "s",
                "s",
                "s",
                ""
            ],
            "Values": [
                [
                    0.0,
                    2.5,
                    5.0,
                    1.02962,
                    1
                ],
                [
                    5.0,
                    7.5,
                    5.0,
                    1.03254,
                    2
                ],
                [
                    10.0,
                    12.508,
                    5.016,
                    1.03547,
                    3
                ],
                [
                    15.016,
                    17.516,
                    5.0,
                    1.03841,
                    4
                ],
                [
                    20.016,
                    22.516,
                    5.0,
                    1.04136,
                    5
                ],
                [
                    25.016,
                    27.516,
                    5.0,
                    1.04431,
                    6
                ],
                [
                    30.016,
                    32.516,
                    5.0,
                    1.04727,
                    7
                ],
                [
                    35.016,
                    37.516,
                    5.0,
                    1.05025,
                    8
                ],
                [
                    40.016,
                    42.516,
                    5.0,
                    1.05323,
                    9
                ],
                [
                    45.016,
                    47.516,
                    5.0,
                    1.05622,
                    10
                ],
                [
                    50.016,
                    52.516,
                    5.0,
                    1.05921,
                    11
                ],
                [
                    55.016,
                    57.516,
                    5.0,
                    1.06222,
                    12
                ],
                [
                    60.016,
                    62.516,
                    5.0,
                    1.06523,
                    13
                ],
                [
                    65.016,
                    67.516,
                    5.0,
                    1.06826,
                    14
                ],
                [
                    70.016,
                    72.516,
                    5.0,
                    1.07129,
                    15
                ],
                [
                    75.016,
                    77.516,
                    5.0,
                    1.07433,
                    16
                ],
                [
                    80.016,
                    82.516,
                    5.0,
                    1.07738,
                    17
                ],
                [
                    85.016,
                    87.516,
                    5.0,
                    1.08043,
                    18
                ],
                [
                    90.016,
                    92.516,
                    5.0,
                    1.0835,
                    19
                ],
                [
                    95.016,
                    97.516,
                    5.0,
                    1.08657,
                    20
                ],
                [
                    100.016,
                    102.516,
                    5.0,
                    1.08966,
                    21
                ],
                [
                    105.583,
                    108.083,
                    5.0,
                    1.09275,
                    22
                ],
                [
                    111.266,
                    113.766,
                    5.0,
                    1.09647,
                    23
                ],
                [
                    117.683,
                    120.183,
                    5.0,
                    1.10021,
                    24
                ],
                [
                    124.1,
                    134.1,
                    20.0,
                    1.10928,
                    25
                ],
                [
                    144.1,
                    154.1,
                    20.0,
                    1.12193,
                    26
                ],
                [
                    164.1,
                    174.1,
                    20.0,
                    1.13472,
                    27
                ],
                [
                    184.1,
                    194.1,
                    20.0,
                    1.14765,
                    28
                ],
                [
                    204.1,
                    214.1,
                    20.0,
                    1.16073,
                    29
                ],
                [
                    224.1,
                    234.1,
                    20.0,
                    1.17397,
                    30
                ],
                [
                    244.1,
                    254.1,
                    20.0,
                    1.18735,
                    31
                ],
                [
                    264.1,
                    274.1,
                    20.0,
                    1.20088,
                    32
                ],
                [
                    284.1,
                    294.1,
                    20.0,
                    1.21457,
                    33
                ],
                [
                    304.1,
                    334.1,
                    60.0,
                    1.24237,
                    34
                ],
                [
                    364.1,
                    394.1,
                    60.0,
                    1.28534,
                    35
                ],
                [
                    424.1,
                    454.1,
                    60.0,
                    1.3298,
                    36
                ],
                [
                    484.1,
                    514.1,
                    60.0,
                    1.3758,
                    37
                ],
                [
                    544.1,
                    574.1,
                    60.0,
                    1.42339,
                    38
                ],
                [
                    604.1,
                    634.1,
                    60.0,
                    1.47263,
                    39
                ],
                [
                    664.1,
                    694.1,
                    60.0,
                    1.52357,
                    40
                ],
                [
                    724.1,
                    754.1,
                    60.0,
                    1.57627,
                    41
                ],
                [
                    784.1,
                    814.1,
                    60.0,
                    1.63079,
                    42
                ],
                [
                    844.1,
                    874.1,
                    60.0,
                    1.6872,
                    43
                ],
                [
                    904.1,
                    1054.1,
                    300.0,
                    1.86625,
                    44
                ],
                [
                    1204.1,
                    1354.1,
                    300.0,
                    2.21214,
                    45
                ],
                [
                    1504.1,
                    1654.1,
                    300.0,
                    2.62213,
                    46
                ],
                [
                    1804.1,
                    1954.1,
                    300.0,
                    3.10811,
                    47
                ],
                [
                    2104.1,
                    2254.1,
                    300.0,
                    3.68416,
                    48
                ],
                [
                    2404.1,
                    2554.1,
                    300.0,
                    4.36698,
                    49
                ],
                [
                    2704.1,
                    2854.1,
                    300.0,
                    5.17635,
                    50
                ],
                [
                    3004.1,
                    3154.1,
                    300.0,
                    6.13572,
                    51
                ],
                [
                    3304.1,
                    3454.1,
                    300.0,
                    7.2729,
                    52
                ]
            ]
        }
    },
    "ConversionSoftware": "dcm2niix",
    "ConversionSoftwareVersion": "v1.0.20180404 GCC4.4.7"
}