{
    "Modality": "MR",
    "MagneticFieldStrength": 3,
    "Manufacturer": "Siemens",
    "ManufacturersModelName": "TrioTim",
    "DeviceSerialNumber": "35248",
    "PatientPosition": "HFS",
    "SoftwareVersions": "syngo_MR_B17",
    "MRAcquisitionType": "2D",
    "SeriesDescription": "FLAIR_AXIAL",
    "ScanningSequence": "SE_IR",
    "SequenceVariant": "SK_SP_MP_OSP",
    "ScanOptions": "IR_FS",
    "SequenceName": "_tir2d1_17",
    "ImageType": [
        "ORIGINAL",
        "PRIMARY",
        "M",
        "ND",
        "NORM"
    ],
    "AcquisitionTime": "12:02:42.535000",
    "AcquisitionNumber": 1,
    "SliceThickness": 5,
    "SpacingBetweenSlices": 6,
    "SAR": 0.404817,
    "EchoTime": 0.076,
    "RepetitionTime": 9,
    "InversionTime": 2.5,
    "FlipAngle": 120,
    "PartialFourier": 1,
    "BaseResolution": 256,
    "ShimSetting": [
        9053,
        8723,
        4265,
        160,
        161,
        -1478,
        288,
        179
    ],
    "TxRefAmp": 289.593,
    "PhaseResolution": 1,
    "ReceiveCoilName": "HeadMatrix",
    "PulseSequenceDetails": "%SiemensSeq%_tse",
    "PercentPhaseFOV": 87.5,
    "EchoTrainLength": 17,
    "PhaseEncodingSteps": 238,
    "AcquisitionMatrixPE": 224,
    "ReconMatrixPE": 256,
    "PixelBandwidth": 210,
    "DwellTime": 9.3e-06,
    "PhaseEncodingDirection": "i",
    "ImageOrientationPatientDICOM": [
        0.999174,
        -0.0171732,
        -0.0368418,
        0.0156966,
        0.999076,
        -0.040002
    ],
    "InPlanePhaseEncodingDirectionDICOM": "ROW",
    "ConversionSoftware": "dcm2niix",
    "ConversionSoftwareVersion": "v1.0.20171017 GCC4.4.7"
}