{
    "Modality": "PT",
    "Manufacturer": "SIEMENS",
    "ManufacturersModelName": "ECAT HRplus 962 PET scanner",
    "DeviceSerialNumber": "101006",
    "Tracer.Name": "PIB",
    "Tracer.Isotope": "C11",
    "Tracer.InjectionType": "Bolus",
    "Recon.MethodName": "Back projection reconstruction",
    "BodyPart": "HEAD",
    "AttenuationCorrection": "2D measured ",
    "Data.DecayCorrectionTime": "Start",
    "Dosage": 16.0,
    "DosageUnits": "",
    "InjectedMass": 4.9,
    "InjectedMassUnits": "",
    "SpecificRadioactivity": 2681.0,
    "InjectionTime": "",
    "InjectionStartUnits": "hh:mm:ss",
    "ScanStartTime": "",
    "ScanStartUnits": "hh:mm:ss",
    "Time": {
        "FrameTimes": {
            "Labels": [
                "frameStart",
                "frameMidtime",
                "frameDuration",
                "DecayCorrectionFactor",
                "frameIndex"
            ],
            "Units": [
                "s",
                "s",
                "s",
                "s",
                ""
            ],
            "Values": [
                [
                    0.0,
                    2.5,
                    5.0,
                    1.0209,
                    1
                ],
                [
                    5.0,
                    7.5,
                    5.0,
                    1.0238,
                    2
                ],
                [
                    10.0,
                    12.5,
                    5.0,
                    1.0267,
                    3
                ],
                [
                    15.0,
                    17.5,
                    5.0,
                    1.02962,
                    4
                ],
                [
                    20.0,
                    22.5,
                    5.0,
                    1.03254,
                    5
                ],
                [
                    25.0,
                    27.5,
                    5.0,
                    1.03547,
                    6
                ],
                [
                    30.0,
                    32.5,
                    5.0,
                    1.03841,
                    7
                ],
                [
                    35.0,
                    37.5,
                    5.0,
                    1.04136,
                    8
                ],
                [
                    40.0,
                    42.5,
                    5.0,
                    1.04431,
                    9
                ],
                [
                    45.0,
                    47.5,
                    5.0,
                    1.04727,
                    10
                ],
                [
                    50.0,
                    52.5,
                    5.0,
                    1.05025,
                    11
                ],
                [
                    55.0,
                    57.5,
                    5.0,
                    1.05323,
                    12
                ],
                [
                    60.0,
                    62.5,
                    5.0,
                    1.05622,
                    13
                ],
                [
                    65.0,
                    67.5,
                    5.0,
                    1.05921,
                    14
                ],
                [
                    70.0,
                    72.5,
                    5.0,
                    1.06222,
                    15
                ],
                [
                    75.0,
                    77.5,
                    5.0,
                    1.06523,
                    16
                ],
                [
                    80.0,
                    82.5,
                    5.0,
                    1.06826,
                    17
                ],
                [
                    85.0,
                    87.5,
                    5.0,
                    1.07129,
                    18
                ],
                [
                    90.0,
                    92.5,
                    5.0,
                    1.07433,
                    19
                ],
                [
                    95.0,
                    97.5,
                    5.0,
                    1.07738,
                    20
                ],
                [
                    100.0,
                    102.5,
                    5.0,
                    1.08043,
                    21
                ],
                [
                    105.0,
                    107.5,
                    5.0,
                    1.0835,
                    22
                ],
                [
                    110.0,
                    112.5,
                    5.0,
                    1.08657,
                    23
                ],
                [
                    115.0,
                    117.5,
                    5.0,
                    1.08966,
                    24
                ],
                [
                    121.266,
                    123.766,
                    5.0,
                    1.09337,
                    25
                ],
                [
                    127.55,
                    137.55,
                    20.0,
                    1.10239,
                    26
                ],
                [
                    147.55,
                    157.55,
                    20.0,
                    1.11495,
                    27
                ],
                [
                    167.55,
                    177.55,
                    20.0,
                    1.12766,
                    28
                ],
                [
                    187.55,
                    197.55,
                    20.0,
                    1.14052,
                    29
                ],
                [
                    207.55,
                    217.55,
                    20.0,
                    1.15352,
                    30
                ],
                [
                    227.55,
                    237.55,
                    20.0,
                    1.16667,
                    31
                ],
                [
                    247.55,
                    257.55,
                    20.0,
                    1.17997,
                    32
                ],
                [
                    267.55,
                    277.55,
                    20.0,
                    1.19342,
                    33
                ],
                [
                    287.55,
                    297.55,
                    20.0,
                    1.20703,
                    34
                ],
                [
                    307.55,
                    337.55,
                    60.0,
                    1.23465,
                    35
                ],
                [
                    367.55,
                    397.55,
                    60.0,
                    1.27736,
                    36
                ],
                [
                    427.55,
                    457.55,
                    60.0,
                    1.32154,
                    37
                ],
                [
                    487.55,
                    517.55,
                    60.0,
                    1.36725,
                    38
                ],
                [
                    547.55,
                    577.55,
                    60.0,
                    1.41455,
                    39
                ],
                [
                    607.55,
                    637.55,
                    60.0,
                    1.46348,
                    40
                ],
                [
                    667.55,
                    697.55,
                    60.0,
                    1.5141,
                    41
                ],
                [
                    727.55,
                    757.55,
                    60.0,
                    1.56647,
                    42
                ],
                [
                    787.55,
                    817.55,
                    60.0,
                    1.62066,
                    43
                ],
                [
                    847.55,
                    877.55,
                    60.0,
                    1.67672,
                    44
                ],
                [
                    907.55,
                    1057.55,
                    300.0,
                    1.85465,
                    45
                ],
                [
                    1207.55,
                    1357.55,
                    300.0,
                    2.19839,
                    46
                ],
                [
                    1507.55,
                    1657.55,
                    300.0,
                    2.60584,
                    47
                ],
                [
                    1807.55,
                    1957.55,
                    300.0,
                    3.0888,
                    48
                ],
                [
                    2107.55,
                    2257.55,
                    300.0,
                    3.66127,
                    49
                ],
                [
                    2407.55,
                    2557.55,
                    300.0,
                    4.33984,
                    50
                ],
                [
                    2707.55,
                    2857.55,
                    300.0,
                    5.14417,
                    51
                ],
                [
                    3007.55,
                    3157.55,
                    300.0,
                    6.09759,
                    52
                ],
                [
                    3307.55,
                    3457.55,
                    300.0,
                    7.2277,
                    53
                ]
            ]
        }
    },
    "ConversionSoftware": "dcm2niix",
    "ConversionSoftwareVersion": "v1.0.20180404 GCC4.4.7"
}