{
    "Modality": "MR",
    "MagneticFieldStrength": 3,
    "Manufacturer": "Siemens",
    "ManufacturersModelName": "TrioTim",
    "DeviceSerialNumber": "35177",
    "BodyPartExamined": "HEAD",
    "PatientPosition": "HFS",
    "SoftwareVersions": "syngo_MR_B13_4VB13A",
    "MRAcquisitionType": "3D",
    "SeriesDescription": "t2_spc_1mm_p2",
    "ScanningSequence": "SE",
    "SequenceVariant": "SK_SP",
    "SequenceName": "_spc3d1_278ns",
    "ImageType": [
        "ORIGINAL",
        "PRIMARY",
        "M",
        "ND",
        "NORM"
    ],
    "AcquisitionTime": "09:25:10.457500",
    "AcquisitionNumber": 1,
    "SliceThickness": 1,
    "SAR": 0.252726,
    "EchoTime": 0.455,
    "RepetitionTime": 3.2,
    "FlipAngle": 120,
    "PartialFourier": 1,
    "BaseResolution": 256,
    "ShimSetting": [
        -209,
        -19843,
        7778,
        -18,
        23,
        -397,
        187,
        -144
    ],
    "TxRefAmp": 238.03,
    "PhaseResolution": 0.992188,
    "ReceiveCoilName": "HeadMatrix",
    "PulseSequenceDetails": "%SiemensSeq%_tse_vfl",
    "PercentPhaseFOV": 100,
    "EchoTrainLength": 139,
    "PhaseEncodingSteps": 254,
    "AcquisitionMatrixPE": 254,
    "ReconMatrixPE": 256,
    "ParallelReductionFactorInPlane": 2,
    "PixelBandwidth": 700,
    "DwellTime": 2.8e-06,
    "ImageOrientationPatientDICOM": [
        -0.0676699,
        0.986855,
        0.146761,
        0.00312972,
        0.147308,
        -0.989086
    ],
    "InPlanePhaseEncodingDirectionDICOM": "ROW",
    "ConversionSoftware": "dcm2niix",
    "ConversionSoftwareVersion": "v1.0.20171017 GCC4.4.7"
}