{
    "Modality": "MR",
    "MagneticFieldStrength": 3,
    "ImagingFrequency": 123.25,
    "Manufacturer": "Siemens",
    "ManufacturersModelName": "MAGNETOM_Vida",
    "DeviceSerialNumber": "175614",
    "BodyPartExamined": "BRAIN",
    "PatientPosition": "HFS",
    "SoftwareVersions": "syngo_MR_XA10",
    "MRAcquisitionType": "2D",
    "SeriesDescription": "Axial_FLAIR",
    "SequenceVariant": "SK_SP_MP",
    "ImageType": [
        "ORIGINAL",
        "PRIMARY",
        "M",
        "NONE"
    ],
    "AcquisitionTime": "11:37:24.440000",
    "AcquisitionNumber": 1,
    "SliceThickness": 5,
    "SpacingBetweenSlices": 5,
    "EchoTime": 0.091,
    "RepetitionTime": 9,
    "FlipAngle": 150,
    "ReceiveCoilActiveElements": "HC1-7;NC1",
    "CoilString": "HeadNeck_64_CS",
    "PartialFourier": 0.140625,
    "PercentPhaseFOV": 100,
    "EchoTrainLength": 18,
    "AcquisitionMatrixPE": 256,
    "ReconMatrixPE": 256,
    "ParallelReductionFactorInPlane": 2,
    "PixelBandwidth": 222,
    "PhaseEncodingDirection": "i",
    "ImageOrientationPatientDICOM": [
        1,
        4.897e-12,
        0,
        -4.897e-12,
        1,
        0
    ],
    "InPlanePhaseEncodingDirectionDICOM": "ROW",
    "ConversionSoftware": "dcm2niix",
    "ConversionSoftwareVersion": "v1.0.20181125  GCC4.8.2"
}