{
    "Modality": "PT",
    "Manufacturer": "SIEMENS",
    "ManufacturersModelName": "ECAT HRplus 962 PET scanner",
    "DeviceSerialNumber": "101006",
    "Tracer.Name": "PIB",
    "Tracer.Isotope": "C11",
    "Tracer.InjectionType": "Bolus",
    "Recon.MethodName": "Back projection reconstruction",
    "BodyPart": "HEAD",
    "AttenuationCorrection": "2D measured ",
    "Data.DecayCorrectionTime": "Start",
    "Dosage": 17.1,
    "DosageUnits": "mCi",
    "InjectedMass": "",
    "InjectedMassUnits": "",
    "SpecificRadioactivity": 1120.0,
    "InjectionTime": "",
    "InjectionStartUnits": "hh:mm:ss",
    "ScanStartTime": "",
    "ScanStartUnits": "hh:mm:ss",
    "Time": {
        "FrameTimes": {
            "Labels": [
                "frameStart",
                "frameMidtime",
                "frameDuration",
                "DecayCorrectionFactor",
                "frameIndex"
            ],
            "Units": [
                "s",
                "s",
                "s",
                "s",
                ""
            ],
            "Values": [
                [
                    0.0,
                    5.0,
                    10.0,
                    1.02235,
                    1
                ],
                [
                    10.0,
                    15.0,
                    10.0,
                    1.02816,
                    2
                ],
                [
                    20.0,
                    25.0,
                    10.0,
                    1.034,
                    3
                ],
                [
                    30.0,
                    35.0,
                    10.0,
                    1.03988,
                    4
                ],
                [
                    40.0,
                    45.0,
                    10.0,
                    1.04579,
                    5
                ],
                [
                    50.0,
                    55.0,
                    10.0,
                    1.05173,
                    6
                ],
                [
                    60.0,
                    65.0,
                    10.0,
                    1.05771,
                    7
                ],
                [
                    70.0,
                    75.0,
                    10.0,
                    1.06372,
                    8
                ],
                [
                    80.0,
                    85.0,
                    10.0,
                    1.06977,
                    9
                ],
                [
                    90.0,
                    95.0,
                    10.0,
                    1.07585,
                    10
                ],
                [
                    100.0,
                    105.0,
                    10.0,
                    1.08196,
                    11
                ],
                [
                    110.0,
                    140.0,
                    60.0,
                    1.10359,
                    12
                ],
                [
                    170.0,
                    200.0,
                    60.0,
                    1.14176,
                    13
                ],
                [
                    230.0,
                    260.0,
                    60.0,
                    1.18126,
                    14
                ],
                [
                    290.0,
                    440.0,
                    300.0,
                    1.30661,
                    15
                ],
                [
                    590.0,
                    740.0,
                    300.0,
                    1.54878,
                    16
                ],
                [
                    890.0,
                    1040.0,
                    300.0,
                    1.83583,
                    17
                ],
                [
                    1190.0,
                    1340.0,
                    300.0,
                    2.17608,
                    18
                ],
                [
                    1490.0,
                    1640.0,
                    300.0,
                    2.57939,
                    19
                ],
                [
                    1790.0,
                    1940.0,
                    300.0,
                    3.05744,
                    20
                ],
                [
                    2090.0,
                    2240.0,
                    300.0,
                    3.62411,
                    21
                ],
                [
                    2390.0,
                    2540.0,
                    300.0,
                    4.29579,
                    22
                ],
                [
                    2690.0,
                    2840.0,
                    300.0,
                    5.09196,
                    23
                ],
                [
                    2990.0,
                    3140.0,
                    300.0,
                    6.0357,
                    24
                ],
                [
                    3290.0,
                    3440.0,
                    300.0,
                    7.15434,
                    25
                ]
            ]
        }
    },
    "ConversionSoftware": "dcm2niix",
    "ConversionSoftwareVersion": "v1.0.20180404 GCC4.4.7"
}