{
    "Modality": "MR",
    "MagneticFieldStrength": 3,
    "Manufacturer": "Siemens",
    "ManufacturersModelName": "TrioTim",
    "DeviceSerialNumber": "35248",
    "PatientPosition": "HFS",
    "SoftwareVersions": "syngo_MR_B17",
    "MRAcquisitionType": "3D",
    "SeriesDescription": "mIP_Images(SW)",
    "ScanningSequence": "GR",
    "SequenceVariant": "SP",
    "SequenceName": "swi3d1r",
    "ImageType": [
        "ORIGINAL",
        "PRIMARY",
        "MNIP",
        "ND",
        "NORM"
    ],
    "AcquisitionTime": "18:37:4.765000",
    "AcquisitionNumber": 1,
    "SliceThickness": 16,
    "SAR": 0.0235621,
    "EchoTime": 0.02,
    "RepetitionTime": 0.028,
    "FlipAngle": 15,
    "PartialFourier": 1,
    "BaseResolution": 256,
    "ShimSetting": [
        9254,
        9187,
        4668,
        449,
        -7,
        -538,
        -100,
        16
    ],
    "TxRefAmp": 412.362,
    "PhaseResolution": 1,
    "ReceiveCoilName": "HeadMatrix",
    "PulseSequenceDetails": "%SiemensSeq%_gre",
    "PercentPhaseFOV": 75,
    "PhaseEncodingSteps": 189,
    "AcquisitionMatrixPE": 192,
    "ReconMatrixPE": 256,
    "ParallelReductionFactorInPlane": 4,
    "PixelBandwidth": 120,
    "DwellTime": 1.63e-05,
    "ImageOrientationPatientDICOM": [
        0.999047,
        0.0436224,
        -0.00159365,
        -0.0429207,
        0.975014,
        -0.217959
    ],
    "InPlanePhaseEncodingDirectionDICOM": "ROW",
    "ConversionSoftware": "dcm2niix",
    "ConversionSoftwareVersion": "v1.0.20171017 GCC4.4.7"
}