{
    "Modality": "MR",
    "MagneticFieldStrength": 3,
    "Manufacturer": "Siemens",
    "ManufacturersModelName": "TrioTim",
    "DeviceSerialNumber": "35248",
    "PatientPosition": "HFS",
    "SoftwareVersions": "syngo_MR_B17",
    "MRAcquisitionType": "2D",
    "SeriesDescription": "T2_star_ep2d_fid",
    "ScanningSequence": "EP",
    "SequenceVariant": "SK",
    "ScanOptions": "PFP_FS",
    "SequenceName": "_epfid2d1_128",
    "ImageType": [
        "ORIGINAL",
        "PRIMARY",
        "PERFUSION",
        "NONE",
        "ND"
    ],
    "AcquisitionTime": "10:47:52.305000",
    "AcquisitionNumber": 1,
    "SliceThickness": 5,
    "SpacingBetweenSlices": 5,
    "SAR": 0.038352,
    "EchoTime": 0.06,
    "RepetitionTime": 0.259,
    "FlipAngle": 60,
    "PartialFourier": 0.75,
    "BaseResolution": 128,
    "ShimSetting": [
        8672,
        9106,
        4822,
        -12,
        -82,
        -987,
        552,
        -124
    ],
    "TxRefAmp": 288.733,
    "PhaseResolution": 1,
    "ReceiveCoilName": "HeadMatrix",
    "PulseSequenceDetails": "%SiemensSeq%_ep2d_fid",
    "PercentPhaseFOV": 100,
    "PhaseEncodingSteps": 96,
    "AcquisitionMatrixPE": 128,
    "ReconMatrixPE": 128,
    "BandwidthPerPixelPhaseEncode": 9.084,
    "EffectiveEchoSpacing": 0.000860029,
    "DerivedVendorReportedEchoSpacing": 0.000860029,
    "TotalReadoutTime": 0.109224,
    "PixelBandwidth": 1260,
    "DwellTime": 3.1e-06,
    "PhaseEncodingDirection": "j-",
    "ImageOrientationPatientDICOM": [
        0.996314,
        0.0843709,
        0.0154851,
        -0.0854999,
        0.991324,
        0.0998284
    ],
    "InPlanePhaseEncodingDirectionDICOM": "COL",
    "ConversionSoftware": "dcm2niix",
    "ConversionSoftwareVersion": "v1.0.20171017 GCC4.4.7"
}