{
    "Modality": "PT",
    "Manufacturer": "SIEMENS",
    "ManufacturersModelName": "ECAT HRplus 962 PET scanner",
    "DeviceSerialNumber": "101006",
    "Tracer.Name": "PIB",
    "Tracer.Isotope": "C11",
    "Tracer.InjectionType": "Bolus",
    "Recon.MethodName": "Back projection reconstruction",
    "BodyPart": "HEAD",
    "AttenuationCorrection": "2D measured ",
    "Data.DecayCorrectionTime": "Start",
    "Dosage": 14.4,
    "DosageUnits": "mCi",
    "InjectedMass": "",
    "InjectedMassUnits": "",
    "SpecificRadioactivity": 2470.0,
    "InjectionTime": "",
    "InjectionStartUnits": "hh:mm:ss",
    "ScanStartTime": "",
    "ScanStartUnits": "hh:mm:ss",
    "Time": {
        "FrameTimes": {
            "Labels": [
                "frameStart",
                "frameMidtime",
                "frameDuration",
                "DecayCorrectionFactor",
                "frameIndex"
            ],
            "Units": [
                "s",
                "s",
                "s",
                "s",
                ""
            ],
            "Values": [
                [
                    0.0,
                    2.5,
                    5.0,
                    1.01283,
                    1
                ],
                [
                    5.0,
                    7.5,
                    5.0,
                    1.01571,
                    2
                ],
                [
                    15.0,
                    17.5,
                    5.0,
                    1.02148,
                    3
                ],
                [
                    20.0,
                    22.5,
                    5.0,
                    1.02438,
                    4
                ],
                [
                    25.0,
                    27.5,
                    5.0,
                    1.02729,
                    5
                ],
                [
                    30.0,
                    32.5,
                    5.0,
                    1.0302,
                    6
                ],
                [
                    35.0,
                    37.5,
                    5.0,
                    1.03313,
                    7
                ],
                [
                    40.0,
                    42.5,
                    5.0,
                    1.03606,
                    8
                ],
                [
                    45.0,
                    47.5,
                    5.0,
                    1.039,
                    9
                ],
                [
                    50.0,
                    52.5,
                    5.0,
                    1.04195,
                    10
                ],
                [
                    55.0,
                    57.5,
                    5.0,
                    1.0449,
                    11
                ],
                [
                    60.0,
                    62.5,
                    5.0,
                    1.04787,
                    12
                ],
                [
                    65.0,
                    67.5,
                    5.0,
                    1.05084,
                    13
                ],
                [
                    70.0,
                    72.5,
                    5.0,
                    1.05382,
                    14
                ],
                [
                    75.0,
                    77.5,
                    5.0,
                    1.05681,
                    15
                ],
                [
                    80.0,
                    82.5415,
                    5.083,
                    1.05981,
                    16
                ],
                [
                    85.083,
                    87.583,
                    5.0,
                    1.06282,
                    17
                ],
                [
                    90.15,
                    92.65,
                    5.0,
                    1.06644,
                    18
                ],
                [
                    96.033,
                    98.533,
                    5.0,
                    1.06947,
                    19
                ],
                [
                    102.033,
                    104.533,
                    5.0,
                    1.07311,
                    20
                ],
                [
                    108.583,
                    111.083,
                    5.0,
                    1.07738,
                    21
                ],
                [
                    114.333,
                    116.833,
                    5.0,
                    1.08105,
                    22
                ],
                [
                    120.766,
                    123.266,
                    5.0,
                    1.08473,
                    23
                ],
                [
                    126.966,
                    136.966,
                    20.0,
                    1.09305,
                    24
                ],
                [
                    146.966,
                    156.966,
                    20.0,
                    1.10551,
                    25
                ],
                [
                    166.966,
                    176.966,
                    20.0,
                    1.11812,
                    26
                ],
                [
                    186.966,
                    196.966,
                    20.0,
                    1.13086,
                    27
                ],
                [
                    206.966,
                    216.966,
                    20.0,
                    1.14375,
                    28
                ],
                [
                    226.966,
                    236.966,
                    20.0,
                    1.15679,
                    29
                ],
                [
                    246.966,
                    256.966,
                    20.0,
                    1.16998,
                    30
                ],
                [
                    266.966,
                    276.966,
                    20.0,
                    1.18332,
                    31
                ],
                [
                    286.966,
                    296.966,
                    20.0,
                    1.19681,
                    32
                ],
                [
                    306.966,
                    336.966,
                    60.0,
                    1.2242,
                    33
                ],
                [
                    366.966,
                    396.966,
                    60.0,
                    1.26654,
                    34
                ],
                [
                    426.966,
                    456.966,
                    60.0,
                    1.31035,
                    35
                ],
                [
                    486.966,
                    516.966,
                    60.0,
                    1.35568,
                    36
                ],
                [
                    546.966,
                    576.966,
                    60.0,
                    1.40257,
                    37
                ],
                [
                    606.966,
                    636.966,
                    60.0,
                    1.45109,
                    38
                ],
                [
                    666.966,
                    696.966,
                    60.0,
                    1.50128,
                    39
                ],
                [
                    726.966,
                    756.966,
                    60.0,
                    1.55321,
                    40
                ],
                [
                    786.966,
                    816.966,
                    60.0,
                    1.60694,
                    41
                ],
                [
                    846.966,
                    876.966,
                    60.0,
                    1.66252,
                    42
                ],
                [
                    906.966,
                    1056.966,
                    300.0,
                    1.83895,
                    43
                ],
                [
                    1206.97,
                    1356.97,
                    300.0,
                    2.17978,
                    44
                ],
                [
                    1506.97,
                    1656.97,
                    300.0,
                    2.58378,
                    45
                ],
                [
                    1806.97,
                    1956.97,
                    300.0,
                    3.06265,
                    46
                ],
                [
                    2106.97,
                    2256.97,
                    300.0,
                    3.63027,
                    47
                ],
                [
                    2406.97,
                    2556.97,
                    300.0,
                    4.3031,
                    48
                ],
                [
                    2706.97,
                    2856.97,
                    300.0,
                    5.10063,
                    49
                ],
                [
                    3006.97,
                    3156.97,
                    300.0,
                    6.04597,
                    50
                ],
                [
                    3306.97,
                    3456.97,
                    300.0,
                    7.16651,
                    51
                ]
            ]
        }
    },
    "ConversionSoftware": "dcm2niix",
    "ConversionSoftwareVersion": "v1.0.20180404 GCC4.4.7"
}