{
    "Modality": "PT",
    "Manufacturer": "SIEMENS",
    "ManufacturersModelName": "BioGraph mMR PET",
    "DeviceSerialNumber": "51020",
    "Tracer.Name": "AV45",
    "Tracer.Isotope": "F18",
    "Tracer.InjectionType": "Bolus",
    "Recon.MethodName": "OP-OSEM",
    "BodyPart": "HEAD",
    "AttenuationCorrection": "measured",
    "Data.DecayCorrectionTime": "Start",
    "Dosage": 10.45,
    "DosageUnits": "mCi",
    "InjectedMass": "",
    "InjectedMassUnits": "",
    "SpecificRadioactivity": "",
    "InjectionTime": "14:56:55",
    "InjectionStartUnits": "hh:mm:ss",
    "ScanStartTime": "15:46:17",
    "ScanStartUnits": "hh:mm:ss",
    "Time": {
        "FrameTimes": {
            "Labels": [
                "frameStart",
                "frameMidtime",
                "frameDuration",
                "DecayCorrectionFactor",
                "frameIndex"
            ],
            "Units": [
                "s",
                "s",
                "s",
                "s",
                ""
            ],
            "Values": [
                [
                    3000.0,
                    3150.0,
                    300.0,
                    1.01587,
                    1
                ],
                [
                    3300.0,
                    3450.0,
                    300.0,
                    1.04845,
                    2
                ],
                [
                    3600.0,
                    3750.0,
                    300.0,
                    1.08209,
                    3
                ],
                [
                    3900.0,
                    4050.0,
                    300.0,
                    1.11679,
                    4
                ]
            ]
        }
    },
    "ConversionSoftware": "dcm2niix",
    "ConversionSoftwareVersion": "v1.0.20171017 GCC4.4.7"
}