{
    "Modality": "PT",
    "Manufacturer": "SIEMENS",
    "ManufacturersModelName": "ECAT HRplus 962 PET scanner",
    "DeviceSerialNumber": "101006",
    "Tracer.Name": "FDG",
    "Tracer.Isotope": "F18",
    "Tracer.InjectionType": "Bolus",
    "Recon.MethodName": "Back projection reconstruction",
    "BodyPart": "HEAD",
    "AttenuationCorrection": "2D measured ",
    "Data.DecayCorrectionTime": "Start",
    "Dosage": "",
    "DosageUnits": "",
    "InjectedMass": "",
    "InjectedMassUnits": "",
    "SpecificRadioactivity": "",
    "InjectionTime": "",
    "InjectionStartUnits": "hh:mm:ss",
    "ScanStartTime": "",
    "ScanStartUnits": "hh:mm:ss",
    "Time": {
        "FrameTimes": {
            "Labels": [
                "frameStart",
                "frameMidtime",
                "frameDuration",
                "DecayCorrectionFactor",
                "frameIndex"
            ],
            "Units": [
                "s",
                "s",
                "s",
                "s",
                ""
            ],
            "Values": [
                [
                    0.0,
                    2.5,
                    5.0,
                    1.0026,
                    1
                ],
                [
                    10.0,
                    12.5,
                    5.0,
                    1.00365,
                    2
                ],
                [
                    15.0,
                    17.5,
                    5.0,
                    1.00418,
                    3
                ],
                [
                    20.0,
                    22.5,
                    5.0,
                    1.00471,
                    4
                ],
                [
                    25.0,
                    27.5,
                    5.0,
                    1.00524,
                    5
                ],
                [
                    30.0,
                    32.5,
                    5.0,
                    1.00577,
                    6
                ],
                [
                    35.0,
                    37.5,
                    5.0,
                    1.0063,
                    7
                ],
                [
                    40.0,
                    42.5,
                    5.0,
                    1.00683,
                    8
                ],
                [
                    45.0,
                    47.5,
                    5.0,
                    1.00736,
                    9
                ],
                [
                    50.0,
                    52.5,
                    5.0,
                    1.00789,
                    10
                ],
                [
                    55.0,
                    57.5,
                    5.0,
                    1.00842,
                    11
                ],
                [
                    60.0,
                    62.5,
                    5.0,
                    1.00895,
                    12
                ],
                [
                    65.0,
                    67.5,
                    5.0,
                    1.00948,
                    13
                ],
                [
                    70.0,
                    72.5,
                    5.0,
                    1.01001,
                    14
                ],
                [
                    75.0,
                    77.5,
                    5.0,
                    1.01054,
                    15
                ],
                [
                    80.0,
                    82.5,
                    5.0,
                    1.01107,
                    16
                ],
                [
                    85.0,
                    87.5,
                    5.0,
                    1.0116,
                    17
                ],
                [
                    90.0,
                    92.5,
                    5.0,
                    1.01214,
                    18
                ],
                [
                    95.0,
                    97.5,
                    5.0,
                    1.01267,
                    19
                ],
                [
                    100.0,
                    102.5,
                    5.0,
                    1.0132,
                    20
                ],
                [
                    105.0,
                    107.5,
                    5.0,
                    1.01374,
                    21
                ],
                [
                    110.0,
                    112.5,
                    5.0,
                    1.01427,
                    22
                ],
                [
                    115.0,
                    125.0,
                    20.0,
                    1.0156,
                    23
                ],
                [
                    135.0,
                    145.0,
                    20.0,
                    1.01774,
                    24
                ],
                [
                    155.0,
                    165.0,
                    20.0,
                    1.01989,
                    25
                ],
                [
                    175.0,
                    185.0,
                    20.0,
                    1.02204,
                    26
                ],
                [
                    195.0,
                    205.0,
                    20.0,
                    1.02419,
                    27
                ],
                [
                    215.0,
                    225.0,
                    20.0,
                    1.02635,
                    28
                ],
                [
                    235.0,
                    245.0,
                    20.0,
                    1.02851,
                    29
                ],
                [
                    255.0,
                    265.0,
                    20.0,
                    1.03068,
                    30
                ],
                [
                    275.0,
                    285.0,
                    20.0,
                    1.03285,
                    31
                ],
                [
                    295.0,
                    325.0,
                    60.0,
                    1.03721,
                    32
                ],
                [
                    355.0,
                    385.0,
                    60.0,
                    1.04378,
                    33
                ],
                [
                    415.0,
                    445.0,
                    60.0,
                    1.05039,
                    34
                ],
                [
                    475.0,
                    505.0,
                    60.0,
                    1.05704,
                    35
                ],
                [
                    535.0,
                    565.0,
                    60.0,
                    1.06374,
                    36
                ],
                [
                    595.0,
                    625.0,
                    60.0,
                    1.07048,
                    37
                ],
                [
                    655.0,
                    685.0,
                    60.0,
                    1.07726,
                    38
                ],
                [
                    715.0,
                    745.0,
                    60.0,
                    1.08408,
                    39
                ],
                [
                    775.0,
                    805.0,
                    60.0,
                    1.09095,
                    40
                ],
                [
                    835.0,
                    865.0,
                    60.0,
                    1.09786,
                    41
                ],
                [
                    895.0,
                    1045.0,
                    300.0,
                    1.11881,
                    42
                ],
                [
                    1194.997,
                    1344.997,
                    300.0,
                    1.1547,
                    43
                ],
                [
                    1494.997,
                    1644.997,
                    300.0,
                    1.19174,
                    44
                ],
                [
                    1794.997,
                    1944.997,
                    300.0,
                    1.22996,
                    45
                ],
                [
                    2094.997,
                    2244.997,
                    300.0,
                    1.26942,
                    46
                ],
                [
                    2394.997,
                    2544.997,
                    300.0,
                    1.31013,
                    47
                ],
                [
                    2694.997,
                    2844.997,
                    300.0,
                    1.35216,
                    48
                ],
                [
                    2994.997,
                    3144.997,
                    300.0,
                    1.39553,
                    49
                ],
                [
                    3294.997,
                    3444.997,
                    300.0,
                    1.44029,
                    50
                ]
            ]
        }
    },
    "ConversionSoftware": "dcm2niix",
    "ConversionSoftwareVersion": "v1.0.20180404 GCC4.4.7"
}