{
    "Modality": "MR",
    "MagneticFieldStrength": 3,
    "ImagingFrequency": 123.197,
    "Manufacturer": "Siemens",
    "ManufacturersModelName": "Biograph_mMR",
    "DeviceSerialNumber": "51010",
    "BodyPartExamined": "BRAIN",
    "PatientPosition": "HFS",
    "SoftwareVersions": "syngo_MR_E11",
    "MRAcquisitionType": "2D",
    "SeriesDescription": "Head_Axial_T2_TSE_with_Fat_Sat",
    "ScanningSequence": "SE",
    "SequenceVariant": "SK_SP_OSP",
    "ScanOptions": "FS",
    "SequenceName": "_tse2d1_15",
    "ImageType": [
        "ORIGINAL",
        "PRIMARY",
        "M",
        "NORM",
        "DIS2D"
    ],
    "AcquisitionTime": "14:14:39.385000",
    "AcquisitionNumber": 1,
    "SliceThickness": 4,
    "SpacingBetweenSlices": 4,
    "SAR": 0.24647,
    "EchoTime": 0.089,
    "RepetitionTime": 4,
    "FlipAngle": 150,
    "PartialFourier": 1,
    "BaseResolution": 256,
    "ShimSetting": [
        -9447,
        14562,
        168,
        353,
        60,
        -392,
        -4,
        -72
    ],
    "TxRefAmp": 353.784,
    "PhaseResolution": 1,
    "ReceiveCoilName": "HeadNeck_MRPET",
    "ReceiveCoilActiveElements": "HEA;HEP;NEP",
    "PulseSequenceDetails": "%SiemensSeq%_tse",
    "ConsistencyInfo": "N4_VE11P_LATEST_20161021",
    "PercentPhaseFOV": 90.625,
    "EchoTrainLength": 15,
    "PhaseEncodingSteps": 240,
    "AcquisitionMatrixPE": 232,
    "ReconMatrixPE": 256,
    "PixelBandwidth": 185,
    "DwellTime": 1.05e-05,
    "PhaseEncodingDirection": "i",
    "ImageOrientationPatientDICOM": [
        1,
        4.897e-12,
        0,
        -4.897e-12,
        1,
        0
    ],
    "InPlanePhaseEncodingDirectionDICOM": "ROW",
    "ConversionSoftware": "dcm2niix",
    "ConversionSoftwareVersion": "v1.0.20181125  GCC4.8.2"
}