{
    "Modality": "MR",
    "MagneticFieldStrength": 3,
    "Manufacturer": "Siemens",
    "ManufacturersModelName": "TrioTim",
    "DeviceSerialNumber": "35177",
    "BodyPartExamined": "HEAD",
    "PatientPosition": "HFS",
    "SoftwareVersions": "syngo_MR_B13_4VB13A",
    "MRAcquisitionType": "3D",
    "SeriesDescription": "t1_mpr_1mm_p2_pos50",
    "ScanningSequence": "GR_IR",
    "SequenceVariant": "SP_MP_OSP",
    "ScanOptions": "IR",
    "SequenceName": "_tfl3d1_ns",
    "ImageType": [
        "ORIGINAL",
        "PRIMARY",
        "M",
        "ND",
        "NORM"
    ],
    "AcquisitionTime": "13:20:28.917500",
    "AcquisitionNumber": 1,
    "SliceThickness": 1,
    "SAR": 0.0711351,
    "EchoTime": 0.00316,
    "RepetitionTime": 2.4,
    "InversionTime": 1,
    "FlipAngle": 8,
    "PartialFourier": 1,
    "BaseResolution": 256,
    "ShimSetting": [
        -275,
        -19743,
        8015,
        -158,
        130,
        -218,
        241,
        -85
    ],
    "TxRefAmp": 288.417,
    "PhaseResolution": 1,
    "PhaseOversampling": 0.5,
    "ReceiveCoilName": "HeadMatrix",
    "PulseSequenceDetails": "%SiemensSeq%_tfl",
    "PercentPhaseFOV": 100,
    "PhaseEncodingSteps": 383,
    "AcquisitionMatrixPE": 256,
    "ReconMatrixPE": 256,
    "ParallelReductionFactorInPlane": 2,
    "PixelBandwidth": 220,
    "DwellTime": 8.9e-06,
    "ImageOrientationPatientDICOM": [
        0.0252593,
        0.988694,
        -0.147805,
        -0.0113316,
        -0.147559,
        -0.988988
    ],
    "InPlanePhaseEncodingDirectionDICOM": "ROW",
    "ConversionSoftware": "dcm2niix",
    "ConversionSoftwareVersion": "v1.0.20171017 GCC4.4.7"
}