{
    "Modality": "MR",
    "MagneticFieldStrength": 3,
    "Manufacturer": "Siemens",
    "ManufacturersModelName": "Biograph_mMR",
    "DeviceSerialNumber": "51010",
    "PatientPosition": "HFS",
    "SoftwareVersions": "syngo_MR_B18P",
    "MRAcquisitionType": "2D",
    "SeriesDescription": "AXIAL_T2_STAR",
    "ScanningSequence": "GR",
    "SequenceVariant": "SP",
    "SequenceName": "_fl2d1r",
    "ImageType": [
        "ORIGINAL",
        "PRIMARY",
        "M",
        "NORM",
        "DIS2D"
    ],
    "AcquisitionTime": "16:05:5.775000",
    "AcquisitionNumber": 1,
    "SliceThickness": 4,
    "SpacingBetweenSlices": 4,
    "SAR": 0.00768767,
    "EchoTime": 0.02,
    "RepetitionTime": 0.65,
    "FlipAngle": 20,
    "PartialFourier": 1,
    "BaseResolution": 256,
    "ShimSetting": [
        -6867,
        14282,
        -6294,
        -39,
        18,
        530,
        434,
        -162
    ],
    "TxRefAmp": 330.451,
    "PhaseResolution": 0.75,
    "ReceiveCoilName": "HeadNeck_MRPET",
    "PulseSequenceDetails": "%SiemensSeq%_gre",
    "PercentPhaseFOV": 100,
    "PhaseEncodingSteps": 192,
    "AcquisitionMatrixPE": 192,
    "ReconMatrixPE": 256,
    "PixelBandwidth": 199,
    "DwellTime": 9.8e-06,
    "PhaseEncodingDirection": "i",
    "ImageOrientationPatientDICOM": [
        0.999816,
        -6.70236e-05,
        0.0191972,
        2.0259e-10,
        0.999994,
        0.00349129
    ],
    "InPlanePhaseEncodingDirectionDICOM": "ROW",
    "ConversionSoftware": "dcm2niix",
    "ConversionSoftwareVersion": "v1.0.20171017 GCC4.4.7"
}