{
    "InPlanePhaseEncodingDirectionDICOM": "ROW", 
    "InversionTime": 1.1000000000000001, 
    "DeviceSerialNumber": "21926", 
    "AcquisitionMatrixPE": 224, 
    "ImageOrientationPatientDICOM": [
        -0.17732700000000001, 
        0.98415200000000003, 
        -4.2094e-08, 
        -0.064816799999999994, 
        -0.011678900000000001, 
        -0.99782899999999997
    ], 
    "ManufacturersModelName": "Sonata", 
    "RepetitionTime": 1.8999999999999999, 
    "PhaseEncodingSteps": 224, 
    "MRAcquisitionType": "3D", 
    "SliceThickness": 1, 
    "AcquisitionNumber": 1, 
    "TxRefAmp": 326.14100000000002, 
    "SAR": 0.017180999999999998, 
    "PulseSequenceDetails": "%SiemensSeq%_tfl", 
    "ScanningSequence": "IR_GR", 
    "Manufacturer": "Siemens", 
    "ConversionSoftware": "dcm2niix", 
    "PercentPhaseFOV": 87.5, 
    "ReconMatrixPE": 256, 
    "FlipAngle": 15, 
    "ConversionSoftwareVersion": "v1.0.20171017 GCC4.4.7", 
    "SeriesDescription": "t1_mpr_ns_sag", 
    "PartialFourier": 1, 
    "ShimSetting": [
        -8, 
        20, 
        47, 
        -379, 
        129, 
        -1628, 
        488, 
        189
    ], 
    "AcquisitionTime": "08:32:38.284990", 
    "SequenceName": "_tfl3d1_ns", 
    "MagneticFieldStrength": 1.5, 
    "ImageType": [
        "ORIGINAL", 
        "PRIMARY", 
        "M", 
        "DIS2D"
    ], 
    "ReceiveCoilName": "CP_HeadArray", 
    "EchoTime": 0.0039300000000000003, 
    "SequenceVariant": "SP_MP", 
    "PhaseResolution": 1, 
    "BaseResolution": 256, 
    "PixelBandwidth": 130, 
    "ScanOptions": "IR", 
    "SoftwareVersions": "syngo_MR_2004A_4VA25A", 
    "Modality": "MR", 
    "PatientPosition": "HFS"
}