{
    "Modality": "PT",
    "Manufacturer": "SIEMENS",
    "ManufacturersModelName": "ECAT HRplus 962 PET scanner",
    "DeviceSerialNumber": "101006",
    "Tracer.Name": "PIB",
    "Tracer.Isotope": "C11",
    "Tracer.InjectionType": "Bolus",
    "Recon.MethodName": "Back projection reconstruction",
    "BodyPart": "HEAD",
    "AttenuationCorrection": "2D measured ",
    "Data.DecayCorrectionTime": "Start",
    "Dosage": 6.8,
    "DosageUnits": "mCi",
    "InjectedMass": "",
    "InjectedMassUnits": "",
    "SpecificRadioactivity": 1738.0,
    "InjectionTime": "",
    "InjectionStartUnits": "hh:mm:ss",
    "ScanStartTime": "",
    "ScanStartUnits": "hh:mm:ss",
    "Time": {
        "FrameTimes": {
            "Labels": [
                "frameStart",
                "frameMidtime",
                "frameDuration",
                "DecayCorrectionFactor",
                "frameIndex"
            ],
            "Units": [
                "s",
                "s",
                "s",
                "s",
                ""
            ],
            "Values": [
                [
                    0.0,
                    5.0,
                    10.0,
                    1.02003,
                    1
                ],
                [
                    10.0,
                    15.0,
                    10.0,
                    1.02583,
                    2
                ],
                [
                    30.0,
                    35.0,
                    10.0,
                    1.03752,
                    3
                ],
                [
                    40.0,
                    45.0,
                    10.0,
                    1.04342,
                    4
                ],
                [
                    50.0,
                    55.0,
                    10.0,
                    1.04935,
                    5
                ],
                [
                    60.0,
                    65.0,
                    10.0,
                    1.05532,
                    6
                ],
                [
                    70.0,
                    75.0,
                    10.0,
                    1.06131,
                    7
                ],
                [
                    80.0,
                    85.0,
                    10.0,
                    1.06735,
                    8
                ],
                [
                    90.0,
                    95.0,
                    10.0,
                    1.07341,
                    9
                ],
                [
                    100.0,
                    105.0,
                    10.0,
                    1.07951,
                    10
                ],
                [
                    110.0,
                    115.0,
                    10.0,
                    1.08565,
                    11
                ],
                [
                    120.0,
                    150.0,
                    60.0,
                    1.10735,
                    12
                ],
                [
                    180.0,
                    210.0,
                    60.0,
                    1.14565,
                    13
                ],
                [
                    240.0,
                    270.0,
                    60.0,
                    1.18528,
                    14
                ],
                [
                    300.0,
                    450.0,
                    300.0,
                    1.31107,
                    15
                ],
                [
                    600.0,
                    750.0,
                    300.0,
                    1.55406,
                    16
                ],
                [
                    900.0,
                    1050.0,
                    300.0,
                    1.84208,
                    17
                ],
                [
                    1200.004,
                    1350.004,
                    300.0,
                    2.18349,
                    18
                ],
                [
                    1500.004,
                    1650.004,
                    300.0,
                    2.58817,
                    19
                ],
                [
                    1800.004,
                    1950.004,
                    300.0,
                    3.06786,
                    20
                ],
                [
                    2100.004,
                    2250.004,
                    300.0,
                    3.63645,
                    21
                ],
                [
                    2400.004,
                    2550.004,
                    300.0,
                    4.31042,
                    22
                ],
                [
                    2700.004,
                    2850.004,
                    300.0,
                    5.10931,
                    23
                ],
                [
                    3000.004,
                    3150.004,
                    300.0,
                    6.05626,
                    24
                ],
                [
                    3300.004,
                    3450.0205,
                    300.033,
                    7.17871,
                    25
                ]
            ]
        }
    },
    "ConversionSoftware": "dcm2niix",
    "ConversionSoftwareVersion": "v1.0.20180404 GCC4.4.7"
}