{
    "Modality": "PT",
    "Manufacturer": "SIEMENS",
    "ManufacturersModelName": "ECAT HRplus 962 PET scanner",
    "DeviceSerialNumber": "101006",
    "Tracer.Name": "PIB",
    "Tracer.Isotope": "C11",
    "Tracer.InjectionType": "Bolus",
    "Recon.MethodName": "Back projection reconstruction",
    "BodyPart": "HEAD",
    "AttenuationCorrection": "2D measured ",
    "Data.DecayCorrectionTime": "Start",
    "Dosage": 7.2,
    "DosageUnits": "mCi",
    "InjectedMass": "",
    "InjectedMassUnits": "",
    "SpecificRadioactivity": 2013.0,
    "InjectionTime": "",
    "InjectionStartUnits": "hh:mm:ss",
    "ScanStartTime": "",
    "ScanStartUnits": "hh:mm:ss",
    "Time": {
        "FrameTimes": {
            "Labels": [
                "frameStart",
                "frameMidtime",
                "frameDuration",
                "DecayCorrectionFactor",
                "frameIndex"
            ],
            "Units": [
                "s",
                "s",
                "s",
                "s",
                ""
            ],
            "Values": [
                [
                    0.0,
                    2.5,
                    5.0,
                    1.02148,
                    1
                ],
                [
                    5.0,
                    7.5,
                    5.0,
                    1.02438,
                    2
                ],
                [
                    10.0,
                    12.5,
                    5.0,
                    1.02729,
                    3
                ],
                [
                    15.0,
                    17.5,
                    5.0,
                    1.0302,
                    4
                ],
                [
                    20.0,
                    22.5,
                    5.0,
                    1.03313,
                    5
                ],
                [
                    25.0,
                    27.5,
                    5.0,
                    1.03606,
                    6
                ],
                [
                    30.0,
                    32.5,
                    5.0,
                    1.039,
                    7
                ],
                [
                    35.0,
                    37.5,
                    5.0,
                    1.04195,
                    8
                ],
                [
                    40.0,
                    42.5,
                    5.0,
                    1.0449,
                    9
                ],
                [
                    45.0,
                    47.5,
                    5.0,
                    1.04787,
                    10
                ],
                [
                    50.0,
                    52.5,
                    5.0,
                    1.05084,
                    11
                ],
                [
                    55.0,
                    57.5,
                    5.0,
                    1.05382,
                    12
                ],
                [
                    60.0,
                    62.5,
                    5.0,
                    1.05681,
                    13
                ],
                [
                    65.0,
                    67.5,
                    5.0,
                    1.05981,
                    14
                ],
                [
                    70.0,
                    72.5,
                    5.0,
                    1.06282,
                    15
                ],
                [
                    75.0,
                    77.5,
                    5.0,
                    1.06584,
                    16
                ],
                [
                    80.0,
                    82.5,
                    5.0,
                    1.06886,
                    17
                ],
                [
                    85.0,
                    87.5,
                    5.0,
                    1.07189,
                    18
                ],
                [
                    90.0,
                    92.5,
                    5.0,
                    1.07494,
                    19
                ],
                [
                    95.0,
                    97.5,
                    5.0,
                    1.07799,
                    20
                ],
                [
                    100.0,
                    102.5,
                    5.0,
                    1.08105,
                    21
                ],
                [
                    105.0,
                    107.5,
                    5.0,
                    1.08411,
                    22
                ],
                [
                    110.0,
                    112.5,
                    5.0,
                    1.08719,
                    23
                ],
                [
                    115.0,
                    125.0,
                    20.0,
                    1.09491,
                    24
                ],
                [
                    135.0,
                    145.0,
                    20.0,
                    1.1074,
                    25
                ],
                [
                    155.0,
                    165.0,
                    20.0,
                    1.12002,
                    26
                ],
                [
                    175.0,
                    185.0,
                    20.0,
                    1.13279,
                    27
                ],
                [
                    195.0,
                    205.0,
                    20.0,
                    1.1457,
                    28
                ],
                [
                    215.0,
                    225.0,
                    20.0,
                    1.15876,
                    29
                ],
                [
                    235.0,
                    245.0,
                    20.0,
                    1.17197,
                    30
                ],
                [
                    255.0,
                    265.0,
                    20.0,
                    1.18533,
                    31
                ],
                [
                    275.0,
                    285.0,
                    20.0,
                    1.19884,
                    32
                ],
                [
                    295.0,
                    325.0,
                    60.0,
                    1.22628,
                    33
                ],
                [
                    355.0,
                    385.0,
                    60.0,
                    1.2687,
                    34
                ],
                [
                    415.0,
                    445.0,
                    60.0,
                    1.31258,
                    35
                ],
                [
                    475.0,
                    505.0,
                    60.0,
                    1.35799,
                    36
                ],
                [
                    535.0,
                    565.0,
                    60.0,
                    1.40496,
                    37
                ],
                [
                    595.0,
                    625.0,
                    60.0,
                    1.45356,
                    38
                ],
                [
                    655.0,
                    685.0,
                    60.0,
                    1.50384,
                    39
                ],
                [
                    715.0,
                    745.0,
                    60.0,
                    1.55585,
                    40
                ],
                [
                    775.0,
                    805.0,
                    60.0,
                    1.60967,
                    41
                ],
                [
                    835.0,
                    865.0,
                    60.0,
                    1.66535,
                    42
                ],
                [
                    895.0,
                    1045.0,
                    300.0,
                    1.84208,
                    43
                ],
                [
                    1194.997,
                    1344.997,
                    300.0,
                    2.18349,
                    44
                ],
                [
                    1494.997,
                    1644.997,
                    300.0,
                    2.58817,
                    45
                ],
                [
                    1794.997,
                    1944.997,
                    300.0,
                    3.06786,
                    46
                ],
                [
                    2094.997,
                    2244.997,
                    300.0,
                    3.63645,
                    47
                ],
                [
                    2394.997,
                    2544.997,
                    300.0,
                    4.31042,
                    48
                ],
                [
                    2694.997,
                    2844.997,
                    300.0,
                    5.10931,
                    49
                ],
                [
                    2994.997,
                    3144.997,
                    300.0,
                    6.05626,
                    50
                ],
                [
                    3294.997,
                    3445.005,
                    300.016,
                    7.17871,
                    51
                ]
            ]
        }
    },
    "ConversionSoftware": "dcm2niix",
    "ConversionSoftwareVersion": "v1.0.20180404 GCC4.4.7"
}