{
    "Modality": "MR",
    "MagneticFieldStrength": 3,
    "Manufacturer": "Siemens",
    "ManufacturersModelName": "Biograph_mMR",
    "DeviceSerialNumber": "51010",
    "PatientPosition": "HFS",
    "SoftwareVersions": "syngo_MR_B20P",
    "MRAcquisitionType": "2D",
    "SeriesDescription": "Axial_T2-FLAIR",
    "ScanningSequence": "SE_IR",
    "SequenceVariant": "SK_SP_MP",
    "ScanOptions": "IR",
    "SequenceName": "_tir2d1_18",
    "ImageType": [
        "ORIGINAL",
        "PRIMARY",
        "M",
        "NORM",
        "DIS2D"
    ],
    "AcquisitionTime": "16:42:4.315000",
    "AcquisitionNumber": 1,
    "SliceThickness": 5,
    "SpacingBetweenSlices": 5,
    "SAR": 0.193346,
    "EchoTime": 0.091,
    "RepetitionTime": 9,
    "InversionTime": 2.5,
    "FlipAngle": 150,
    "PartialFourier": 1,
    "BaseResolution": 256,
    "ShimSetting": [
        -6883,
        14825,
        -5779,
        -137,
        90,
        576,
        829,
        -333
    ],
    "TxRefAmp": 305.38,
    "PhaseResolution": 1,
    "ReceiveCoilName": "HeadNeck_MRPET",
    "PulseSequenceDetails": "%SiemensSeq%_tse",
    "PercentPhaseFOV": 100,
    "EchoTrainLength": 18,
    "PhaseEncodingSteps": 255,
    "AcquisitionMatrixPE": 256,
    "ReconMatrixPE": 256,
    "ParallelReductionFactorInPlane": 2,
    "PixelBandwidth": 222,
    "DwellTime": 8.8e-06,
    "PhaseEncodingDirection": "i",
    "ImageOrientationPatientDICOM": [
        1,
        -2.05103e-10,
        0,
        2.05103e-10,
        1,
        0
    ],
    "InPlanePhaseEncodingDirectionDICOM": "ROW",
    "ConversionSoftware": "dcm2niix",
    "ConversionSoftwareVersion": "v1.0.20171017 GCC4.4.7"
}