{
    "Modality": "MR",
    "MagneticFieldStrength": 3,
    "Manufacturer": "Siemens",
    "ManufacturersModelName": "TrioTim",
    "DeviceSerialNumber": "35248",
    "PatientPosition": "HFS",
    "SoftwareVersions": "syngo_MR_B17",
    "MRAcquisitionType": "3D",
    "SeriesDescription": "mIP_Images(SW)",
    "ScanningSequence": "GR",
    "SequenceVariant": "SP",
    "SequenceName": "swi3d1r",
    "ImageType": [
        "ORIGINAL",
        "PRIMARY",
        "MNIP",
        "ND",
        "NORM"
    ],
    "AcquisitionTime": "10:44:45.862500",
    "AcquisitionNumber": 1,
    "SliceThickness": 16,
    "SAR": 0.0195701,
    "EchoTime": 0.02,
    "RepetitionTime": 0.028,
    "FlipAngle": 15,
    "PartialFourier": 1,
    "BaseResolution": 256,
    "ShimSetting": [
        8670,
        9115,
        4831,
        93,
        -57,
        -901,
        517,
        -120
    ],
    "TxRefAmp": 288.733,
    "PhaseResolution": 1,
    "ReceiveCoilName": "HeadMatrix",
    "PulseSequenceDetails": "%SiemensSeq%_gre",
    "PercentPhaseFOV": 75,
    "PhaseEncodingSteps": 189,
    "AcquisitionMatrixPE": 192,
    "ReconMatrixPE": 256,
    "ParallelReductionFactorInPlane": 4,
    "PixelBandwidth": 120,
    "DwellTime": 1.63e-05,
    "ImageOrientationPatientDICOM": [
        0.996321,
        0.0842861,
        0.0154766,
        -0.0854147,
        0.991332,
        0.0998297
    ],
    "InPlanePhaseEncodingDirectionDICOM": "ROW",
    "ConversionSoftware": "dcm2niix",
    "ConversionSoftwareVersion": "v1.0.20171017 GCC4.4.7"
}