{
    "Modality": "MR",
    "MagneticFieldStrength": 3,
    "Manufacturer": "Siemens",
    "ManufacturersModelName": "TrioTim",
    "DeviceSerialNumber": "35248",
    "PatientPosition": "HFS",
    "SoftwareVersions": "syngo_MR_B17",
    "MRAcquisitionType": "3D",
    "SeriesDescription": "t2_spc_1mm_p2",
    "ScanningSequence": "SE",
    "SequenceVariant": "SK_SP",
    "ScanOptions": "PFP",
    "SequenceName": "_spc3d1_278ns",
    "ImageType": [
        "ORIGINAL",
        "PRIMARY",
        "M",
        "ND",
        "NORM"
    ],
    "AcquisitionTime": "11:21:30.750000",
    "AcquisitionNumber": 1,
    "SliceThickness": 1,
    "SAR": 0.2492,
    "EchoTime": 0.455,
    "RepetitionTime": 3.2,
    "FlipAngle": 120,
    "PartialFourier": 1,
    "BaseResolution": 256,
    "ShimSetting": [
        8637,
        8996,
        4746,
        70,
        -74,
        -602,
        510,
        -38
    ],
    "TxRefAmp": 269.753,
    "PhaseResolution": 0.992188,
    "ReceiveCoilName": "HeadMatrix",
    "PulseSequenceDetails": "%SiemensSeq%_tse_vfl",
    "PercentPhaseFOV": 100,
    "EchoTrainLength": 139,
    "PhaseEncodingSteps": 246,
    "AcquisitionMatrixPE": 254,
    "ReconMatrixPE": 256,
    "ParallelReductionFactorInPlane": 2,
    "PixelBandwidth": 698,
    "DwellTime": 2.8e-06,
    "ImageOrientationPatientDICOM": [
        -0.147007,
        0.97497,
        -0.166802,
        0.0657212,
        -0.158634,
        -0.985148
    ],
    "InPlanePhaseEncodingDirectionDICOM": "ROW",
    "ConversionSoftware": "dcm2niix",
    "ConversionSoftwareVersion": "v1.0.20171017 GCC4.4.7"
}