{
    "Modality": "PT",
    "Manufacturer": "SIEMENS",
    "ManufacturersModelName": "ECAT HRplus 962 PET scanner",
    "DeviceSerialNumber": "101006",
    "Tracer.Name": "PIB",
    "Tracer.Isotope": "C11",
    "Tracer.InjectionType": "Bolus",
    "Recon.MethodName": "Back projection reconstruction",
    "BodyPart": "HEAD",
    "AttenuationCorrection": "2D measured ",
    "Data.DecayCorrectionTime": "Start",
    "Dosage": 15.4,
    "DosageUnits": "",
    "InjectedMass": "",
    "InjectedMassUnits": "",
    "SpecificRadioactivity": 5687.0,
    "InjectionTime": "13:39:00",
    "InjectionStartUnits": "hh:mm:ss",
    "ScanStartTime": "",
    "ScanStartUnits": "hh:mm:ss",
    "Time": {
        "FrameTimes": {
            "Labels": [
                "frameStart",
                "frameMidtime",
                "frameDuration",
                "DecayCorrectionFactor",
                "frameIndex"
            ],
            "Units": [
                "s",
                "s",
                "s",
                "s",
                ""
            ],
            "Values": [
                [
                    0.0,
                    5.0,
                    10.0,
                    1.02933,
                    1
                ],
                [
                    10.0,
                    15.0,
                    10.0,
                    1.03518,
                    2
                ],
                [
                    20.0,
                    25.0,
                    10.0,
                    1.04106,
                    3
                ],
                [
                    30.0,
                    35.0,
                    10.0,
                    1.04698,
                    4
                ],
                [
                    40.0,
                    45.0,
                    10.0,
                    1.05293,
                    5
                ],
                [
                    50.0,
                    55.0,
                    10.0,
                    1.05891,
                    6
                ],
                [
                    60.0,
                    65.0,
                    10.0,
                    1.06493,
                    7
                ],
                [
                    70.0,
                    75.0,
                    10.0,
                    1.07098,
                    8
                ],
                [
                    80.0,
                    85.0,
                    10.0,
                    1.07707,
                    9
                ],
                [
                    90.0,
                    95.0,
                    10.0,
                    1.08319,
                    10
                ],
                [
                    100.0,
                    105.0,
                    10.0,
                    1.08935,
                    11
                ],
                [
                    110.0,
                    115.0,
                    10.0,
                    1.09554,
                    12
                ],
                [
                    120.0,
                    150.0,
                    60.0,
                    1.11744,
                    13
                ],
                [
                    180.0,
                    210.0,
                    60.0,
                    1.15609,
                    14
                ],
                [
                    240.0,
                    270.0,
                    60.0,
                    1.19608,
                    15
                ],
                [
                    300.0,
                    450.0,
                    300.0,
                    1.32301,
                    16
                ],
                [
                    600.0,
                    750.0,
                    300.0,
                    1.56821,
                    17
                ],
                [
                    900.0,
                    1050.0,
                    300.0,
                    1.85886,
                    18
                ],
                [
                    1200.004,
                    1350.004,
                    300.0,
                    2.20338,
                    19
                ],
                [
                    1500.004,
                    1650.004,
                    300.0,
                    2.61175,
                    20
                ],
                [
                    1800.004,
                    1950.004,
                    300.0,
                    3.09581,
                    21
                ],
                [
                    2100.004,
                    2250.004,
                    300.0,
                    3.66958,
                    22
                ],
                [
                    2400.004,
                    2550.004,
                    300.0,
                    4.34969,
                    23
                ],
                [
                    2700.004,
                    2850.004,
                    300.0,
                    5.15585,
                    24
                ],
                [
                    3000.004,
                    3150.004,
                    300.0,
                    6.11142,
                    25
                ],
                [
                    3300.004,
                    3450.004,
                    300.0,
                    7.2441,
                    26
                ]
            ]
        }
    },
    "ConversionSoftware": "dcm2niix",
    "ConversionSoftwareVersion": "v1.0.20180404 GCC4.4.7"
}