{
    "Modality": "MR",
    "MagneticFieldStrength": 3,
    "Manufacturer": "Siemens",
    "ManufacturersModelName": "TrioTim",
    "DeviceSerialNumber": "35177",
    "BodyPartExamined": "HEAD",
    "PatientPosition": "HFS",
    "SoftwareVersions": "syngo_MR_B13_4VB13A",
    "MRAcquisitionType": "2D",
    "SeriesDescription": "tse_p3",
    "ScanningSequence": "SE",
    "SequenceVariant": "SK_SP_OSP",
    "SequenceName": "_tse2d1_17",
    "ImageType": [
        "ORIGINAL",
        "PRIMARY",
        "M",
        "ND",
        "NORM"
    ],
    "AcquisitionTime": "16:28:9.917500",
    "AcquisitionNumber": 1,
    "SliceThickness": 4,
    "SpacingBetweenSlices": 4,
    "SAR": 0.553662,
    "EchoTime": 0.086,
    "RepetitionTime": 6.15,
    "FlipAngle": 120,
    "PartialFourier": 1,
    "BaseResolution": 256,
    "ShimSetting": [
        -223,
        -19757,
        7852,
        219,
        226,
        -806,
        270,
        -21
    ],
    "TxRefAmp": 232.269,
    "PhaseResolution": 0.5,
    "ReceiveCoilName": "HeadMatrix",
    "PulseSequenceDetails": "%SiemensSeq%_tse",
    "PercentPhaseFOV": 100,
    "EchoTrainLength": 17,
    "PhaseEncodingSteps": 135,
    "AcquisitionMatrixPE": 128,
    "ReconMatrixPE": 256,
    "ParallelReductionFactorInPlane": 3,
    "PixelBandwidth": 200,
    "DwellTime": 9.8e-06,
    "PhaseEncodingDirection": "j-",
    "ImageOrientationPatientDICOM": [
        0.999551,
        -0.0172058,
        -0.0245481,
        0.0240808,
        0.948562,
        0.315674
    ],
    "InPlanePhaseEncodingDirectionDICOM": "COL",
    "ConversionSoftware": "dcm2niix",
    "ConversionSoftwareVersion": "v1.0.20171017 GCC4.4.7"
}