{
    "Modality": "MR",
    "MagneticFieldStrength": 3,
    "Manufacturer": "Siemens",
    "ManufacturersModelName": "Biograph_mMR",
    "DeviceSerialNumber": "51010",
    "PatientPosition": "HFS",
    "SoftwareVersions": "syngo_MR_B18P",
    "MRAcquisitionType": "2D",
    "SeriesDescription": "Axial_T2-FLAIR",
    "ScanningSequence": "SE_IR",
    "SequenceVariant": "SK_SP_MP",
    "ScanOptions": "IR",
    "SequenceName": "_tir2d1_19",
    "ImageType": [
        "ORIGINAL",
        "PRIMARY",
        "M",
        "ND",
        "NORM"
    ],
    "AcquisitionTime": "11:27:13.290000",
    "AcquisitionNumber": 1,
    "SliceThickness": 5,
    "SpacingBetweenSlices": 5,
    "SAR": 0.182563,
    "EchoTime": 0.091,
    "RepetitionTime": 9,
    "InversionTime": 2.5,
    "FlipAngle": 150,
    "PartialFourier": 1,
    "BaseResolution": 256,
    "ShimSetting": [
        -6860,
        14245,
        -5959,
        58,
        8,
        244,
        614,
        -259
    ],
    "TxRefAmp": 317.09,
    "PhaseResolution": 1,
    "ReceiveCoilName": "HeadNeck_MRPET",
    "PulseSequenceDetails": "%SiemensSeq%_tse",
    "PercentPhaseFOV": 100,
    "EchoTrainLength": 19,
    "PhaseEncodingSteps": 255,
    "AcquisitionMatrixPE": 256,
    "ReconMatrixPE": 256,
    "ParallelReductionFactorInPlane": 2,
    "PixelBandwidth": 222,
    "DwellTime": 8.8e-06,
    "PhaseEncodingDirection": "i",
    "ImageOrientationPatientDICOM": [
        1,
        -2.05013e-10,
        6.0846e-12,
        2.05103e-10,
        0.99956,
        -0.0296662
    ],
    "InPlanePhaseEncodingDirectionDICOM": "ROW",
    "ConversionSoftware": "dcm2niix",
    "ConversionSoftwareVersion": "v1.0.20171017 GCC4.4.7"
}