{
    "Modality": "MR",
    "MagneticFieldStrength": 3,
    "ImagingFrequency": 123.21,
    "Manufacturer": "Siemens",
    "ManufacturersModelName": "Biograph_mMR",
    "DeviceSerialNumber": "51010",
    "PatientPosition": "HFS",
    "SoftwareVersions": "syngo_MR_B20P",
    "MRAcquisitionType": "3D",
    "SeriesDescription": "MPRAGE_GRAPPA2",
    "ScanningSequence": "GR_IR",
    "SequenceVariant": "SP_MP",
    "ScanOptions": "IR",
    "SequenceName": "_tfl3d1_ns",
    "ImageType": [
        "ORIGINAL",
        "PRIMARY",
        "M",
        "ND",
        "NORM"
    ],
    "AcquisitionTime": "14:05:1.680000",
    "AcquisitionNumber": 1,
    "SliceThickness": 1.2,
    "SAR": 0.074039,
    "EchoTime": 0.00295,
    "RepetitionTime": 2.3,
    "InversionTime": 0.9,
    "FlipAngle": 9,
    "PartialFourier": 1,
    "BaseResolution": 256,
    "ShimSetting": [
        -6892,
        14600,
        -5719,
        -263,
        89,
        111,
        1063,
        -390
    ],
    "TxRefAmp": 356.671,
    "PhaseResolution": 1,
    "ReceiveCoilName": "HeadNeck_MRPET",
    "CoilString": "t:HEA;HEP;NEP",
    "PulseSequenceDetails": "%SiemensSeq%_tfl",
    "PercentPhaseFOV": 93.75,
    "PhaseEncodingSteps": 239,
    "AcquisitionMatrixPE": 240,
    "ReconMatrixPE": 256,
    "PixelBandwidth": 238,
    "DwellTime": 8.2e-06,
    "ImageOrientationPatientDICOM": [
        0,
        1,
        0,
        0,
        0,
        -1
    ],
    "InPlanePhaseEncodingDirectionDICOM": "ROW",
    "ConversionSoftware": "dcm2niix",
    "ConversionSoftwareVersion": "v1.0.20181125  GCC4.8.2"
}