{
    "Modality": "MR",
    "MagneticFieldStrength": 3,
    "Manufacturer": "Siemens",
    "ManufacturersModelName": "TrioTim",
    "DeviceSerialNumber": "35177",
    "BodyPartExamined": "HEAD",
    "PatientPosition": "HFS",
    "SoftwareVersions": "syngo_MR_B13_4VB13A",
    "MRAcquisitionType": "2D",
    "SeriesDescription": "tse_p3",
    "ScanningSequence": "SE",
    "SequenceVariant": "SK_SP_OSP",
    "SequenceName": "_tse2d1_17",
    "ImageType": [
        "ORIGINAL",
        "PRIMARY",
        "M",
        "ND",
        "NORM"
    ],
    "AcquisitionTime": "13:08:55.682500",
    "AcquisitionNumber": 1,
    "SliceThickness": 4,
    "SpacingBetweenSlices": 4,
    "SAR": 0.648192,
    "EchoTime": 0.086,
    "RepetitionTime": 6.15,
    "FlipAngle": 120,
    "PartialFourier": 1,
    "BaseResolution": 256,
    "ShimSetting": [
        -226,
        -19825,
        7915,
        437,
        -179,
        -61,
        -197,
        21
    ],
    "TxRefAmp": 239.478,
    "PhaseResolution": 0.5,
    "ReceiveCoilName": "HeadMatrix",
    "PulseSequenceDetails": "%SiemensSeq%_tse",
    "PercentPhaseFOV": 100,
    "EchoTrainLength": 17,
    "PhaseEncodingSteps": 135,
    "AcquisitionMatrixPE": 128,
    "ReconMatrixPE": 256,
    "ParallelReductionFactorInPlane": 3,
    "PixelBandwidth": 200,
    "DwellTime": 9.8e-06,
    "PhaseEncodingDirection": "j-",
    "ImageOrientationPatientDICOM": [
        0.999064,
        -0.0156284,
        0.040329,
        0.0122549,
        0.996509,
        0.082583
    ],
    "InPlanePhaseEncodingDirectionDICOM": "COL",
    "ConversionSoftware": "dcm2niix",
    "ConversionSoftwareVersion": "v1.0.20171017 GCC4.4.7"
}