{
    "Modality": "MR",
    "MagneticFieldStrength": 3,
    "Manufacturer": "Siemens",
    "ManufacturersModelName": "TrioTim",
    "DeviceSerialNumber": "35177",
    "BodyPartExamined": "HEAD",
    "PatientPosition": "HFS",
    "SoftwareVersions": "syngo_MR_B13_4VB13A",
    "MRAcquisitionType": "2D",
    "SeriesDescription": "T2_star_ep2d_fid",
    "ScanningSequence": "EP",
    "SequenceVariant": "SK",
    "ScanOptions": "PFP_FS",
    "SequenceName": "_epfid2d1_128",
    "ImageType": [
        "ORIGINAL",
        "PRIMARY",
        "M",
        "ND"
    ],
    "AcquisitionTime": "15:23:36.990000",
    "AcquisitionNumber": 1,
    "SliceThickness": 5,
    "SpacingBetweenSlices": 5,
    "SAR": 0.023005,
    "EchoTime": 0.06,
    "RepetitionTime": 0.259,
    "FlipAngle": 60,
    "PartialFourier": 0.75,
    "BaseResolution": 128,
    "ShimSetting": [
        -210,
        -19790,
        7861,
        442,
        -91,
        -278,
        215,
        -72
    ],
    "TxRefAmp": 240.562,
    "PhaseResolution": 1,
    "ReceiveCoilName": "HeadMatrix",
    "PulseSequenceDetails": "%SiemensSeq%_ep2d_fid",
    "PercentPhaseFOV": 100,
    "PhaseEncodingSteps": 96,
    "AcquisitionMatrixPE": 128,
    "ReconMatrixPE": 128,
    "BandwidthPerPixelPhaseEncode": 9.084,
    "EffectiveEchoSpacing": 0.000860029,
    "DerivedVendorReportedEchoSpacing": 0.000860029,
    "TotalReadoutTime": 0.109224,
    "PixelBandwidth": 1260,
    "DwellTime": 3.1e-06,
    "PhaseEncodingDirection": "j-",
    "ImageOrientationPatientDICOM": [
        0.999811,
        0.0173826,
        0.00872604,
        -0.0178281,
        0.998388,
        0.0538769
    ],
    "InPlanePhaseEncodingDirectionDICOM": "COL",
    "ConversionSoftware": "dcm2niix",
    "ConversionSoftwareVersion": "v1.0.20171017 GCC4.4.7"
}