{
    "Modality": "MR",
    "MagneticFieldStrength": 3,
    "Manufacturer": "Siemens",
    "ManufacturersModelName": "TrioTim",
    "DeviceSerialNumber": "35248",
    "PatientPosition": "HFS",
    "SoftwareVersions": "syngo_MR_B17",
    "MRAcquisitionType": "3D",
    "SeriesDescription": "t2_spc_1mm_p2",
    "ScanningSequence": "SE",
    "SequenceVariant": "SK_SP",
    "ScanOptions": "PFP",
    "SequenceName": "_spc3d1_278ns",
    "ImageType": [
        "ORIGINAL",
        "PRIMARY",
        "M",
        "ND",
        "NORM"
    ],
    "AcquisitionTime": "10:48:6.762500",
    "AcquisitionNumber": 1,
    "SliceThickness": 1,
    "SAR": 0.225347,
    "EchoTime": 0.455,
    "RepetitionTime": 3.2,
    "FlipAngle": 120,
    "PartialFourier": 1,
    "BaseResolution": 256,
    "ShimSetting": [
        8661,
        9082,
        5016,
        93,
        -114,
        -420,
        143,
        37
    ],
    "TxRefAmp": 291.372,
    "PhaseResolution": 0.992188,
    "ReceiveCoilName": "HeadMatrix",
    "PulseSequenceDetails": "%SiemensSeq%_tse_vfl",
    "PercentPhaseFOV": 100,
    "EchoTrainLength": 139,
    "PhaseEncodingSteps": 246,
    "AcquisitionMatrixPE": 254,
    "ReconMatrixPE": 256,
    "ParallelReductionFactorInPlane": 2,
    "PixelBandwidth": 698,
    "DwellTime": 2.8e-06,
    "ImageOrientationPatientDICOM": [
        -0.00681253,
        0.999241,
        -0.0383542,
        -0.0416543,
        -0.0386053,
        -0.998386
    ],
    "InPlanePhaseEncodingDirectionDICOM": "ROW",
    "ConversionSoftware": "dcm2niix",
    "ConversionSoftwareVersion": "v1.0.20171017 GCC4.4.7"
}