{
    "Modality": "PET",
    "Manufacturer": "Siemens",
    "ManufacturersModelName": "Biograph 40 PET/CT",
    "DeviceSerialNumber": "10000",
    "Unit": "BQML",
    "InstitutionName": "Mallinckrodt Institute of Radiology and Knight Alzheimer's Disease Research Center at Washington University in St. Louis",
    "BodyPart": "Brain",
    "TracerName": "PIB",
    "TracerRadionuclide": "C11",
    "InjectedRadioactivity": 19.6,
    "InjectedRadioactivityUnit": "mCi",
    "InjectedMass": "n/a",
    "InjectedMassUnit": "n/a",
    "SpecificRadioactivity": "n/a",
    "SpecificRadioactivityUnit": "n/a",
    "ModeOfAdministration": "bolus",
    "TimeZero": "10:18:23",
    "TimeZeroUnit": "hh:mm:ss",
    "InjectionStart": "10:18:23",
    "InjectionStartUnit": "hh:mm:ss",
    "ScanStart": "10:18:23",
    "ScanStartUnit": "hh:mm:ss",
    "FrameTimes": {
        "FrameTimes": {
            "Labels": [
                "frameStart",
                "frameMidtime",
                "frameDuration",
                "DecayCorrectionFactor",
                "frameIndex"
            ],
            "Units": [
                "s",
                "s",
                "s",
                "s",
                ""
            ],
            "Values": [
                [
                    0.0,
                    5.0,
                    10.0,
                    1.00284,
                    1
                ],
                [
                    10.0,
                    15.0,
                    10.0,
                    1.00854,
                    2
                ],
                [
                    20.0,
                    25.0,
                    10.0,
                    1.01427,
                    3
                ],
                [
                    30.0,
                    35.0,
                    10.0,
                    1.02003,
                    4
                ],
                [
                    40.0,
                    45.0,
                    10.0,
                    1.02583,
                    5
                ],
                [
                    50.0,
                    55.0,
                    10.0,
                    1.03166,
                    6
                ],
                [
                    60.0,
                    65.0,
                    10.0,
                    1.03752,
                    7
                ],
                [
                    70.0,
                    75.0,
                    10.0,
                    1.04342,
                    8
                ],
                [
                    80.0,
                    85.0,
                    10.0,
                    1.04935,
                    9
                ],
                [
                    90.0,
                    95.0,
                    10.0,
                    1.05532,
                    10
                ],
                [
                    100.0,
                    105.0,
                    10.0,
                    1.06131,
                    11
                ],
                [
                    110.0,
                    115.0,
                    10.0,
                    1.06735,
                    12
                ],
                [
                    120.0,
                    150.0,
                    60.0,
                    1.08868,
                    13
                ],
                [
                    180.0,
                    210.0,
                    60.0,
                    1.12634,
                    14
                ],
                [
                    240.0,
                    270.0,
                    60.0,
                    1.1653,
                    15
                ],
                [
                    300.0,
                    450.0,
                    300.0,
                    1.28896,
                    16
                ],
                [
                    600.0,
                    750.0,
                    300.0,
                    1.52786,
                    17
                ],
                [
                    900.0,
                    1050.0,
                    300.0,
                    1.81103,
                    18
                ],
                [
                    1200.0,
                    1350.0,
                    300.0,
                    2.14668,
                    19
                ],
                [
                    1500.0,
                    1650.0,
                    300.0,
                    2.54454,
                    20
                ],
                [
                    1800.0,
                    1950.0,
                    300.0,
                    3.01614,
                    21
                ],
                [
                    2100.0,
                    2250.0,
                    300.0,
                    3.57514,
                    22
                ],
                [
                    2400.0,
                    2550.0,
                    300.0,
                    4.23775,
                    23
                ],
                [
                    2700.0,
                    2850.0,
                    300.0,
                    5.02317,
                    24
                ],
                [
                    3000.0,
                    3150.0,
                    300.0,
                    5.95415,
                    25
                ],
                [
                    3300.0,
                    3450.0,
                    300.0,
                    7.05768,
                    26
                ]
            ]
        }
    },
    "AcquisitionMode": "n/a",
    "ImageDecayCorrected": "true",
    "ImageDecayCorrectionTime": "START",
    "ReconMethodName": "Backprojection",
    "ReconMethodParameterLabels": [
        "subsets",
        "iterations"
    ],
    "ReconMethodParameterUnit": [
        "none",
        "none"
    ],
    "ReconMethodParameterValues": [
        "n/a",
        "n/a"
    ],
    "ReconFilterType": "n/a",
    "ReconFilterSize": "n/a",
    "AttenuationCorrection": "measured_/TF rereg1^AC_CT",
    "ConversionSoftware": "dcm2niix",
    "ConversionSoftwareVersion": "v1.0.20181125  GCC4.8.2"
}