{
    "InPlanePhaseEncodingDirectionDICOM": "ROW", 
    "DeviceSerialNumber": "21926", 
    "AcquisitionMatrixPE": 192, 
    "ImageOrientationPatientDICOM": [
        0.99905299999999997, 
        -0.0030382, 
        -0.043406899999999998, 
        2.5195800000000001e-10, 
        0.99755899999999997, 
        -0.069822599999999999
    ], 
    "ManufacturersModelName": "Sonata", 
    "PhaseEncodingDirection": "i", 
    "RepetitionTime": 6, 
    "PhaseEncodingSteps": 196, 
    "MRAcquisitionType": "2D", 
    "SliceThickness": 5, 
    "AcquisitionNumber": 1, 
    "TxRefAmp": 331.81700000000001, 
    "EchoTrainLength": 7, 
    "SAR": 0.10713499999999999, 
    "PulseSequenceDetails": "%SiemensSeq%_tse", 
    "ScanningSequence": "SE", 
    "Manufacturer": "Siemens", 
    "ConversionSoftware": "dcm2niix", 
    "PercentPhaseFOV": 75, 
    "ReconMatrixPE": 256, 
    "FlipAngle": 150, 
    "ConversionSoftwareVersion": "v1.0.20171017 GCC4.4.7", 
    "SeriesDescription": "t2_tse_tra", 
    "PartialFourier": 1, 
    "ShimSetting": [
        7, 
        53, 
        98, 
        247, 
        -10, 
        -345, 
        -62, 
        236
    ], 
    "AcquisitionTime": "14:46:31.105010", 
    "SequenceName": "_tse2d2_7", 
    "MagneticFieldStrength": 1.5, 
    "SpacingBetweenSlices": 5, 
    "ImageType": [
        "ORIGINAL", 
        "PRIMARY", 
        "M", 
        "ND"
    ], 
    "ReceiveCoilName": "CP_HeadArray", 
    "EchoTime": 0.11600000000000001, 
    "SequenceVariant": "SK_SP_OSP", 
    "PhaseResolution": 1, 
    "BaseResolution": 256, 
    "PixelBandwidth": 100, 
    "SoftwareVersions": "syngo_MR_2004A_4VA25A", 
    "Modality": "MR", 
    "PatientPosition": "HFS"
}