{
    "Modality": "MR",
    "MagneticFieldStrength": 3,
    "Manufacturer": "Siemens",
    "ManufacturersModelName": "Biograph_mMR",
    "DeviceSerialNumber": "51010",
    "PatientPosition": "HFS",
    "SoftwareVersions": "syngo_MR_B18P",
    "MRAcquisitionType": "3D",
    "SeriesDescription": "t1_mprage_sag_isoWU",
    "ScanningSequence": "GR_IR",
    "SequenceVariant": "SP_MP_OSP",
    "ScanOptions": "IR",
    "SequenceName": "_tfl3d1_ns",
    "ImageType": [
        "ORIGINAL",
        "PRIMARY",
        "M",
        "ND",
        "NORM"
    ],
    "AcquisitionTime": "11:05:31.915000",
    "AcquisitionNumber": 1,
    "SliceThickness": 1,
    "SAR": 0.0371157,
    "EchoTime": 0.00213,
    "RepetitionTime": 2.4,
    "InversionTime": 1,
    "FlipAngle": 8,
    "PartialFourier": 1,
    "BaseResolution": 256,
    "ShimSetting": [
        -6867,
        14282,
        -6294,
        -39,
        18,
        530,
        434,
        -162
    ],
    "TxRefAmp": 325.556,
    "PhaseResolution": 1,
    "PhaseOversampling": 0.5,
    "ReceiveCoilName": "HeadNeck_MRPET",
    "PulseSequenceDetails": "%SiemensSeq%_tfl",
    "PercentPhaseFOV": 100,
    "PhaseEncodingSteps": 383,
    "AcquisitionMatrixPE": 256,
    "ReconMatrixPE": 256,
    "ParallelReductionFactorInPlane": 2,
    "PixelBandwidth": 219,
    "DwellTime": 8.9e-06,
    "ImageOrientationPatientDICOM": [
        0,
        1,
        0,
        -0.00872651,
        0,
        -0.999962
    ],
    "InPlanePhaseEncodingDirectionDICOM": "ROW",
    "ConversionSoftware": "dcm2niix",
    "ConversionSoftwareVersion": "v1.0.20171017 GCC4.4.7"
}