{
    "Modality": "PT",
    "Manufacturer": "SIEMENS",
    "ManufacturersModelName": "ECAT HRplus 962 PET scanner",
    "DeviceSerialNumber": "101006",
    "Tracer.Name": "PIB",
    "Tracer.Isotope": "C11",
    "Tracer.InjectionType": "Bolus",
    "Recon.MethodName": "Back projection reconstruction",
    "BodyPart": "HEAD",
    "AttenuationCorrection": "2D measured ",
    "Data.DecayCorrectionTime": "Start",
    "Dosage": 11.3,
    "DosageUnits": "mCi",
    "InjectedMass": "",
    "InjectedMassUnits": "",
    "SpecificRadioactivity": 1348.0,
    "InjectionTime": "09:44:00",
    "InjectionStartUnits": "hh:mm:ss",
    "ScanStartTime": "",
    "ScanStartUnits": "hh:mm:ss",
    "Time": {
        "FrameTimes": {
            "Labels": [
                "frameStart",
                "frameMidtime",
                "frameDuration",
                "DecayCorrectionFactor",
                "frameIndex"
            ],
            "Units": [
                "s",
                "s",
                "s",
                "s",
                ""
            ],
            "Values": [
                [
                    0.0,
                    5.0,
                    10.0,
                    1.01772,
                    1
                ],
                [
                    10.0,
                    15.0,
                    10.0,
                    1.02351,
                    2
                ],
                [
                    20.0,
                    25.0,
                    10.0,
                    1.02933,
                    3
                ],
                [
                    30.0,
                    35.0,
                    10.0,
                    1.03518,
                    4
                ],
                [
                    40.0,
                    45.0,
                    10.0,
                    1.04106,
                    5
                ],
                [
                    50.0,
                    55.0,
                    10.0,
                    1.04698,
                    6
                ],
                [
                    60.0,
                    65.0,
                    10.0,
                    1.05293,
                    7
                ],
                [
                    70.0,
                    75.0,
                    10.0,
                    1.05891,
                    8
                ],
                [
                    80.0,
                    85.0,
                    10.0,
                    1.06493,
                    9
                ],
                [
                    90.0,
                    95.0,
                    10.0,
                    1.07098,
                    10
                ],
                [
                    100.0,
                    130.0,
                    60.0,
                    1.09239,
                    11
                ],
                [
                    160.0,
                    190.0,
                    60.0,
                    1.13017,
                    12
                ],
                [
                    220.0,
                    250.0,
                    60.0,
                    1.16927,
                    13
                ],
                [
                    280.0,
                    430.0,
                    300.0,
                    1.29335,
                    14
                ],
                [
                    580.0,
                    730.0,
                    300.0,
                    1.53306,
                    15
                ],
                [
                    880.0,
                    1030.0,
                    300.0,
                    1.81719,
                    16
                ],
                [
                    1179.997,
                    1329.997,
                    300.0,
                    2.15399,
                    17
                ],
                [
                    1479.997,
                    1629.997,
                    300.0,
                    2.55321,
                    18
                ],
                [
                    1779.997,
                    1929.997,
                    300.0,
                    3.02641,
                    19
                ],
                [
                    2079.997,
                    2229.997,
                    300.0,
                    3.58732,
                    20
                ],
                [
                    2379.997,
                    2529.997,
                    300.0,
                    4.25219,
                    21
                ],
                [
                    2679.997,
                    2829.997,
                    300.0,
                    5.04028,
                    22
                ],
                [
                    2979.997,
                    3129.997,
                    300.0,
                    5.97443,
                    23
                ],
                [
                    3279.997,
                    3429.997,
                    300.0,
                    7.08172,
                    24
                ]
            ]
        }
    },
    "ConversionSoftware": "dcm2niix",
    "ConversionSoftwareVersion": "v1.0.20180404 GCC4.4.7"
}