{
    "Modality": "MR",
    "MagneticFieldStrength": 3,
    "Manufacturer": "Siemens",
    "ManufacturersModelName": "TrioTim",
    "DeviceSerialNumber": "35248",
    "PatientPosition": "HFS",
    "SoftwareVersions": "syngo_MR_B17",
    "MRAcquisitionType": "2D",
    "SeriesDescription": "FLAIR_AXIAL",
    "ScanningSequence": "SE_IR",
    "SequenceVariant": "SK_SP_MP_OSP",
    "ScanOptions": "IR_FS",
    "SequenceName": "_tir2d1_17",
    "ImageType": [
        "ORIGINAL",
        "PRIMARY",
        "M",
        "ND",
        "NORM"
    ],
    "AcquisitionTime": "14:02:5.502500",
    "AcquisitionNumber": 1,
    "SliceThickness": 5,
    "SpacingBetweenSlices": 6,
    "SAR": 0.312215,
    "EchoTime": 0.076,
    "RepetitionTime": 9,
    "InversionTime": 2.5,
    "FlipAngle": 120,
    "PartialFourier": 1,
    "BaseResolution": 256,
    "ShimSetting": [
        9044,
        9150,
        4415,
        288,
        -225,
        -133,
        421,
        221
    ],
    "TxRefAmp": 294.736,
    "PhaseResolution": 1,
    "ReceiveCoilName": "HeadMatrix",
    "PulseSequenceDetails": "%SiemensSeq%_tse",
    "PercentPhaseFOV": 87.5,
    "EchoTrainLength": 17,
    "PhaseEncodingSteps": 238,
    "AcquisitionMatrixPE": 224,
    "ReconMatrixPE": 256,
    "PixelBandwidth": 210,
    "DwellTime": 9.3e-06,
    "PhaseEncodingDirection": "i",
    "ImageOrientationPatientDICOM": [
        0.992959,
        0.110135,
        0.0436131,
        -0.100336,
        0.97769,
        -0.184542
    ],
    "InPlanePhaseEncodingDirectionDICOM": "ROW",
    "ConversionSoftware": "dcm2niix",
    "ConversionSoftwareVersion": "v1.0.20171017 GCC4.4.7"
}