{
    "InPlanePhaseEncodingDirectionDICOM": "ROW", 
    "InversionTime": 1.1000000000000001, 
    "DeviceSerialNumber": "21926", 
    "AcquisitionMatrixPE": 240, 
    "ImageOrientationPatientDICOM": [
        -0.0052333099999999997, 
        0.99998600000000004, 
        -2.9265399999999999e-08, 
        -0.029666000000000001, 
        -0.00015528300000000001, 
        -0.99956
    ], 
    "ManufacturersModelName": "Sonata", 
    "RepetitionTime": 1.8999999999999999, 
    "PhaseEncodingSteps": 240, 
    "MRAcquisitionType": "3D", 
    "SliceThickness": 1, 
    "AcquisitionNumber": 1, 
    "TxRefAmp": 331.81700000000001, 
    "SAR": 0.013380899999999999, 
    "PulseSequenceDetails": "%SiemensSeq%_tfl", 
    "ScanningSequence": "IR_GR", 
    "Manufacturer": "Siemens", 
    "ConversionSoftware": "dcm2niix", 
    "PercentPhaseFOV": 93.75, 
    "ReconMatrixPE": 256, 
    "FlipAngle": 15, 
    "ConversionSoftwareVersion": "v1.0.20171017 GCC4.4.7", 
    "SeriesDescription": "t1_mpr_ns_sag", 
    "PartialFourier": 1, 
    "ShimSetting": [
        8, 
        52, 
        104, 
        35, 
        -63, 
        -1257, 
        164, 
        279
    ], 
    "AcquisitionTime": "14:38:15.290000", 
    "SequenceName": "_tfl3d1_ns", 
    "MagneticFieldStrength": 1.5, 
    "ImageType": [
        "ORIGINAL", 
        "PRIMARY", 
        "M", 
        "DIS2D"
    ], 
    "ReceiveCoilName": "CP_HeadArray", 
    "EchoTime": 0.0039300000000000003, 
    "SequenceVariant": "SP_MP", 
    "PhaseResolution": 1, 
    "BaseResolution": 256, 
    "PixelBandwidth": 130, 
    "ScanOptions": "IR", 
    "SoftwareVersions": "syngo_MR_2004A_4VA25A", 
    "Modality": "MR", 
    "PatientPosition": "HFS"
}