{
    "Modality": "MR",
    "MagneticFieldStrength": 3,
    "Manufacturer": "Siemens",
    "ManufacturersModelName": "TrioTim",
    "DeviceSerialNumber": "35248",
    "PatientPosition": "HFS",
    "SoftwareVersions": "syngo_MR_B17",
    "MRAcquisitionType": "2D",
    "SeriesDescription": "T2_star_ep2d_fid",
    "ScanningSequence": "EP",
    "SequenceVariant": "SK",
    "ScanOptions": "PFP_FS",
    "SequenceName": "_epfid2d1_128",
    "ImageType": [
        "ORIGINAL",
        "PRIMARY",
        "PERFUSION",
        "NONE",
        "ND"
    ],
    "AcquisitionTime": "13:51:55.292500",
    "AcquisitionNumber": 1,
    "SliceThickness": 5,
    "SpacingBetweenSlices": 5,
    "SAR": 0.0403649,
    "EchoTime": 0.06,
    "RepetitionTime": 0.259,
    "FlipAngle": 60,
    "PartialFourier": 0.75,
    "BaseResolution": 128,
    "ShimSetting": [
        8646,
        9327,
        4984,
        162,
        111,
        -597,
        401,
        -64
    ],
    "TxRefAmp": 386.114,
    "PhaseResolution": 1,
    "ReceiveCoilName": "HeadMatrix",
    "PulseSequenceDetails": "%SiemensSeq%_ep2d_fid",
    "PercentPhaseFOV": 100,
    "PhaseEncodingSteps": 96,
    "AcquisitionMatrixPE": 128,
    "ReconMatrixPE": 128,
    "BandwidthPerPixelPhaseEncode": 9.084,
    "EffectiveEchoSpacing": 0.000860029,
    "DerivedVendorReportedEchoSpacing": 0.000860029,
    "TotalReadoutTime": 0.109224,
    "PixelBandwidth": 1260,
    "DwellTime": 3.1e-06,
    "PhaseEncodingDirection": "j-",
    "ImageOrientationPatientDICOM": [
        0.99705,
        0.0746707,
        0.0177882,
        -0.0695869,
        0.977086,
        -0.201149
    ],
    "InPlanePhaseEncodingDirectionDICOM": "COL",
    "ConversionSoftware": "dcm2niix",
    "ConversionSoftwareVersion": "v1.0.20171017 GCC4.4.7"
}