{
    "Modality": "MR",
    "MagneticFieldStrength": 3,
    "ImagingFrequency": 123.209,
    "Manufacturer": "Siemens",
    "ManufacturersModelName": "Biograph_mMR",
    "DeviceSerialNumber": "51010",
    "BodyPartExamined": "BRAIN",
    "PatientPosition": "HFS",
    "SoftwareVersions": "syngo_MR_E11",
    "MRAcquisitionType": "2D",
    "SeriesDescription": "Head_Axial_T2_Star",
    "ScanningSequence": "GR",
    "SequenceVariant": "SP",
    "SequenceName": "_fl2d1r",
    "ImageType": [
        "ORIGINAL",
        "PRIMARY",
        "M",
        "NORM",
        "DIS2D"
    ],
    "AcquisitionTime": "14:53:59.025000",
    "AcquisitionNumber": 1,
    "SliceThickness": 4,
    "SpacingBetweenSlices": 4,
    "SAR": 0.0158603,
    "EchoTime": 0.02,
    "RepetitionTime": 0.65,
    "FlipAngle": 20,
    "PartialFourier": 1,
    "BaseResolution": 256,
    "ShimSetting": [
        -6829,
        14670,
        -6071,
        -255,
        154,
        410,
        604,
        -379
    ],
    "TxRefAmp": 406.821,
    "PhaseResolution": 0.75,
    "ReceiveCoilName": "HeadNeck_MRPET",
    "ReceiveCoilActiveElements": "HEA;HEP;NEP",
    "PulseSequenceDetails": "%SiemensSeq%_gre",
    "ConsistencyInfo": "N4_VE11P_LATEST_20161021",
    "PercentPhaseFOV": 100,
    "PhaseEncodingSteps": 192,
    "AcquisitionMatrixPE": 192,
    "ReconMatrixPE": 256,
    "PixelBandwidth": 200,
    "DwellTime": 9.8e-06,
    "PhaseEncodingDirection": "i",
    "ImageOrientationPatientDICOM": [
        1,
        4.897e-12,
        0,
        -4.897e-12,
        1,
        0
    ],
    "InPlanePhaseEncodingDirectionDICOM": "ROW",
    "ConversionSoftware": "dcm2niix",
    "ConversionSoftwareVersion": "v1.0.20181125  GCC4.8.2"
}