{
    "Modality": "MR",
    "MagneticFieldStrength": 3,
    "ImagingFrequency": 123.25,
    "Manufacturer": "Siemens",
    "ManufacturersModelName": "MAGNETOM_Vida",
    "DeviceSerialNumber": "175614",
    "BodyPartExamined": "BRAIN",
    "PatientPosition": "HFS",
    "SoftwareVersions": "syngo_MR_XA10",
    "MRAcquisitionType": "2D",
    "SeriesDescription": "TRA_EPI_T2_STAR",
    "SequenceVariant": "SK",
    "ImageType": [
        "ORIGINAL",
        "PRIMARY",
        "PERFUSION",
        "NONE"
    ],
    "AcquisitionTime": "11:41:28.080000",
    "AcquisitionNumber": 1,
    "SliceThickness": 4,
    "SpacingBetweenSlices": 4,
    "EchoTime": 0.045,
    "RepetitionTime": 2.37,
    "FlipAngle": 90,
    "ReceiveCoilActiveElements": "HC1-7;NC1",
    "CoilString": "HeadNeck_64_CS",
    "PartialFourier": 0.859375,
    "PercentPhaseFOV": 100,
    "EchoTrainLength": 55,
    "AcquisitionMatrixPE": 128,
    "ReconMatrixPE": 128,
    "BandwidthPerPixelPhaseEncode": 16.276,
    "ParallelReductionFactorInPlane": 2,
    "EffectiveEchoSpacing": 0.000480001,
    "DerivedVendorReportedEchoSpacing": 0.000960003,
    "TotalReadoutTime": 0.0609602,
    "PixelBandwidth": 1347,
    "PhaseEncodingDirection": "j-",
    "ImageOrientationPatientDICOM": [
        1,
        0,
        0,
        0,
        1,
        0
    ],
    "InPlanePhaseEncodingDirectionDICOM": "COL",
    "ConversionSoftware": "dcm2niix",
    "ConversionSoftwareVersion": "v1.0.20181125  GCC4.8.2"
}