{
    "Modality": "PT",
    "Manufacturer": "SIEMENS",
    "ManufacturersModelName": "ECAT HRplus 962 PET scanner",
    "DeviceSerialNumber": "101006",
    "Tracer.Name": "PIB",
    "Tracer.Isotope": "C11",
    "Tracer.InjectionType": "Bolus",
    "Recon.MethodName": "Back projection reconstruction",
    "BodyPart": "HEAD",
    "AttenuationCorrection": "2D measured ",
    "Data.DecayCorrectionTime": "Start",
    "Dosage": 18.3,
    "DosageUnits": "mCi",
    "InjectedMass": "",
    "InjectedMassUnits": "",
    "SpecificRadioactivity": 9305.0,
    "InjectionTime": "",
    "InjectionStartUnits": "hh:mm:ss",
    "ScanStartTime": "",
    "ScanStartUnits": "hh:mm:ss",
    "Time": {
        "FrameTimes": {
            "Labels": [
                "frameStart",
                "frameMidtime",
                "frameDuration",
                "DecayCorrectionFactor",
                "frameIndex"
            ],
            "Units": [
                "s",
                "s",
                "s",
                "s",
                ""
            ],
            "Values": [
                [
                    0.0,
                    5.0,
                    10.0,
                    1.02525,
                    1
                ],
                [
                    10.0,
                    15.0,
                    10.0,
                    1.03108,
                    2
                ],
                [
                    20.0,
                    25.0,
                    10.0,
                    1.03694,
                    3
                ],
                [
                    30.0,
                    35.0,
                    10.0,
                    1.04283,
                    4
                ],
                [
                    40.0,
                    45.0,
                    10.0,
                    1.04876,
                    5
                ],
                [
                    50.0,
                    55.0,
                    10.0,
                    1.05472,
                    6
                ],
                [
                    60.0,
                    65.0,
                    10.0,
                    1.06071,
                    7
                ],
                [
                    70.0,
                    75.0,
                    10.0,
                    1.06674,
                    8
                ],
                [
                    80.0,
                    85.0,
                    10.0,
                    1.07281,
                    9
                ],
                [
                    90.0,
                    95.0,
                    10.0,
                    1.0789,
                    10
                ],
                [
                    100.0,
                    105.0,
                    10.0,
                    1.08503,
                    11
                ],
                [
                    110.0,
                    140.0,
                    60.0,
                    1.10672,
                    12
                ],
                [
                    170.0,
                    200.0,
                    60.0,
                    1.145,
                    13
                ],
                [
                    230.0,
                    260.0,
                    60.0,
                    1.18461,
                    14
                ],
                [
                    290.0,
                    440.0,
                    300.0,
                    1.31032,
                    15
                ],
                [
                    590.0,
                    740.0,
                    300.0,
                    1.55318,
                    16
                ],
                [
                    890.0,
                    1040.0,
                    300.0,
                    1.84104,
                    17
                ],
                [
                    1190.004,
                    1340.004,
                    300.0,
                    2.18225,
                    18
                ],
                [
                    1490.004,
                    1640.004,
                    300.0,
                    2.58671,
                    19
                ],
                [
                    1790.004,
                    1940.004,
                    300.0,
                    3.06612,
                    20
                ],
                [
                    2090.004,
                    2240.004,
                    300.0,
                    3.63439,
                    21
                ],
                [
                    2390.004,
                    2540.004,
                    300.0,
                    4.30798,
                    22
                ],
                [
                    2690.004,
                    2840.004,
                    300.0,
                    5.10641,
                    23
                ],
                [
                    2990.004,
                    3140.004,
                    300.0,
                    6.05282,
                    24
                ],
                [
                    3290.004,
                    3440.004,
                    300.0,
                    7.17464,
                    25
                ]
            ]
        }
    },
    "ConversionSoftware": "dcm2niix",
    "ConversionSoftwareVersion": "v1.0.20180404 GCC4.4.7"
}