{
    "Modality": "MR",
    "MagneticFieldStrength": 3,
    "Manufacturer": "Siemens",
    "ManufacturersModelName": "Biograph_mMR",
    "DeviceSerialNumber": "51010",
    "PatientPosition": "HFS",
    "SoftwareVersions": "syngo_MR_B18P",
    "MRAcquisitionType": "3D",
    "SeriesDescription": "t2_spc_sag_p2_isoWU",
    "ScanningSequence": "SE",
    "SequenceVariant": "SK_SP",
    "ScanOptions": "PFP",
    "SequenceName": "_spc3d1_278ns",
    "ImageType": [
        "ORIGINAL",
        "PRIMARY",
        "M",
        "ND",
        "NORM"
    ],
    "AcquisitionTime": "11:21:32.230000",
    "AcquisitionNumber": 1,
    "SliceThickness": 1,
    "SAR": 0.103429,
    "EchoTime": 0.454,
    "RepetitionTime": 3.2,
    "FlipAngle": 120,
    "PartialFourier": 1,
    "BaseResolution": 256,
    "ShimSetting": [
        -6867,
        14282,
        -6294,
        -39,
        18,
        530,
        434,
        -162
    ],
    "TxRefAmp": 317.09,
    "PhaseResolution": 0.992188,
    "ReceiveCoilName": "HeadNeck_MRPET",
    "PulseSequenceDetails": "%SiemensSeq%_tse_vfl",
    "PercentPhaseFOV": 100,
    "EchoTrainLength": 139,
    "PhaseEncodingSteps": 242,
    "AcquisitionMatrixPE": 254,
    "ReconMatrixPE": 256,
    "ParallelReductionFactorInPlane": 2,
    "PixelBandwidth": 751,
    "DwellTime": 2.6e-06,
    "ImageOrientationPatientDICOM": [
        0,
        1,
        0,
        0,
        0,
        -1
    ],
    "InPlanePhaseEncodingDirectionDICOM": "ROW",
    "ConversionSoftware": "dcm2niix",
    "ConversionSoftwareVersion": "v1.0.20171017 GCC4.4.7"
}