{
    "Modality": "MR",
    "MagneticFieldStrength": 3,
    "Manufacturer": "Siemens",
    "ManufacturersModelName": "TrioTim",
    "DeviceSerialNumber": "35248",
    "PatientPosition": "HFS",
    "SoftwareVersions": "syngo_MR_B17",
    "MRAcquisitionType": "3D",
    "SeriesDescription": "mIP_Images(SW)",
    "ScanningSequence": "GR",
    "SequenceVariant": "SP",
    "SequenceName": "swi3d1r",
    "ImageType": [
        "ORIGINAL",
        "PRIMARY",
        "MNIP",
        "ND",
        "NORM"
    ],
    "AcquisitionTime": "12:11:27.000000",
    "AcquisitionNumber": 1,
    "SliceThickness": 16,
    "SAR": 0.0210191,
    "EchoTime": 0.02,
    "RepetitionTime": 0.028,
    "FlipAngle": 15,
    "PartialFourier": 1,
    "BaseResolution": 256,
    "ShimSetting": [
        8636,
        9006,
        4773,
        224,
        -36,
        -532,
        441,
        -19
    ],
    "TxRefAmp": 269.753,
    "PhaseResolution": 1,
    "ReceiveCoilName": "HeadMatrix",
    "PulseSequenceDetails": "%SiemensSeq%_gre",
    "PercentPhaseFOV": 75,
    "PhaseEncodingSteps": 189,
    "AcquisitionMatrixPE": 192,
    "ReconMatrixPE": 256,
    "ParallelReductionFactorInPlane": 4,
    "PixelBandwidth": 120,
    "DwellTime": 1.63e-05,
    "ImageOrientationPatientDICOM": [
        0.986954,
        0.155756,
        0.0407612,
        -0.146973,
        0.974967,
        -0.16685
    ],
    "InPlanePhaseEncodingDirectionDICOM": "ROW",
    "ConversionSoftware": "dcm2niix",
    "ConversionSoftwareVersion": "v1.0.20171017 GCC4.4.7"
}