{
    "Modality": "CT",
    "Manufacturer": "Siemens",
    "ManufacturersModelName": "Biograph128",
    "DeviceSerialNumber": "11009",
    "BodyPartExamined": "HEAD",
    "PatientPosition": "HFS",
    "SoftwareVersions": "VG75B",
    "SeriesDescription": "AC_CT_Brain_3.0_H30f",
    "ImageType": [
        "ORIGINAL",
        "PRIMARY",
        "AXIAL",
        "CT",
        "SOM5",
        "SPI"
    ],
    "AcquisitionTime": "12:04:56.736000",
    "AcquisitionNumber": 2,
    "XRayExposure": 25,
    "ReconMatrixPE": 512,
    "ImageOrientationPatientDICOM": [
        1,
        0,
        0,
        0,
        1,
        0
    ],
    "ConversionSoftware": "dcm2niix",
    "ConversionSoftwareVersion": "v1.0.20181125  GCC4.8.2"
}