{
    "Modality": "PT",
    "Manufacturer": "SIEMENS",
    "ManufacturersModelName": "ECAT HRplus 962 PET scanner",
    "DeviceSerialNumber": "101006",
    "Tracer.Name": "PIB",
    "Tracer.Isotope": "C11",
    "Tracer.InjectionType": "Bolus",
    "Recon.MethodName": "Back projection reconstruction",
    "BodyPart": "HEAD",
    "AttenuationCorrection": "2D measured ",
    "Data.DecayCorrectionTime": "Start",
    "Dosage": 9.3,
    "DosageUnits": "mCi",
    "InjectedMass": "",
    "InjectedMassUnits": "",
    "SpecificRadioactivity": 1363.0,
    "InjectionTime": "09:15:00",
    "InjectionStartUnits": "hh:mm:ss",
    "ScanStartTime": "",
    "ScanStartUnits": "hh:mm:ss",
    "Time": {
        "FrameTimes": {
            "Labels": [
                "frameStart",
                "frameMidtime",
                "frameDuration",
                "DecayCorrectionFactor",
                "frameIndex"
            ],
            "Units": [
                "s",
                "s",
                "s",
                "s",
                ""
            ],
            "Values": [
                [
                    0.0,
                    5.0,
                    10.0,
                    1.02758,
                    1
                ],
                [
                    10.0,
                    15.0,
                    10.0,
                    1.03342,
                    2
                ],
                [
                    20.0,
                    25.0,
                    10.0,
                    1.03929,
                    3
                ],
                [
                    30.0,
                    35.0,
                    10.0,
                    1.0452,
                    4
                ],
                [
                    40.0,
                    45.0,
                    10.0,
                    1.05114,
                    5
                ],
                [
                    50.0,
                    55.0,
                    10.0,
                    1.05711,
                    6
                ],
                [
                    60.0,
                    65.0,
                    10.0,
                    1.06312,
                    7
                ],
                [
                    70.0,
                    75.0,
                    10.0,
                    1.06916,
                    8
                ],
                [
                    80.0,
                    85.0,
                    10.0,
                    1.07524,
                    9
                ],
                [
                    90.0,
                    95.0,
                    10.0,
                    1.08135,
                    10
                ],
                [
                    100.0,
                    105.0,
                    10.0,
                    1.0875,
                    11
                ],
                [
                    110.0,
                    115.0,
                    10.0,
                    1.09368,
                    12
                ],
                [
                    120.0,
                    150.0,
                    60.0,
                    1.11554,
                    13
                ],
                [
                    180.0,
                    210.0,
                    60.0,
                    1.15412,
                    14
                ],
                [
                    240.0,
                    270.0,
                    60.0,
                    1.19405,
                    15
                ],
                [
                    300.0,
                    450.0,
                    300.0,
                    1.32076,
                    16
                ],
                [
                    600.0,
                    750.0,
                    300.0,
                    1.56555,
                    17
                ],
                [
                    900.0,
                    1050.0,
                    300.0,
                    1.8557,
                    18
                ],
                [
                    1199.997,
                    1349.997,
                    300.0,
                    2.19964,
                    19
                ],
                [
                    1499.997,
                    1649.997,
                    300.0,
                    2.60731,
                    20
                ],
                [
                    1799.997,
                    1949.997,
                    300.0,
                    3.09055,
                    21
                ],
                [
                    2099.997,
                    2249.997,
                    300.0,
                    3.66334,
                    22
                ],
                [
                    2399.997,
                    2549.997,
                    300.0,
                    4.3423,
                    23
                ],
                [
                    2699.997,
                    2849.997,
                    300.0,
                    5.14709,
                    24
                ],
                [
                    2999.997,
                    3149.997,
                    300.0,
                    6.10104,
                    25
                ],
                [
                    3299.997,
                    3449.997,
                    300.0,
                    7.2318,
                    26
                ]
            ]
        }
    },
    "ConversionSoftware": "dcm2niix",
    "ConversionSoftwareVersion": "v1.0.20180404 GCC4.4.7"
}