{
    "Modality": "MR",
    "MagneticFieldStrength": 3,
    "ImagingFrequency": 123.25,
    "Manufacturer": "Siemens",
    "ManufacturersModelName": "MAGNETOM_Vida",
    "DeviceSerialNumber": "175614",
    "BodyPartExamined": "BRAIN",
    "PatientPosition": "HFS",
    "SoftwareVersions": "syngo_MR_XA11",
    "MRAcquisitionType": "2D",
    "SeriesDescription": "Axial_FLAIR",
    "SequenceVariant": "SK_SP_MP",
    "ImageType": [
        "ORIGINAL",
        "PRIMARY",
        "M",
        "NONE"
    ],
    "AcquisitionTime": "11:35:54.440000",
    "AcquisitionNumber": 1,
    "SliceThickness": 5,
    "SpacingBetweenSlices": 5,
    "EchoTime": 0.094,
    "RepetitionTime": 9,
    "FlipAngle": 150,
    "ReceiveCoilActiveElements": "HC1-7;NC1",
    "CoilString": "HeadNeck_64_CS",
    "PartialFourier": 0.140625,
    "PercentPhaseFOV": 100,
    "EchoTrainLength": 18,
    "AcquisitionMatrixPE": 256,
    "ReconMatrixPE": 256,
    "ParallelReductionFactorInPlane": 2,
    "PixelBandwidth": 222,
    "PhaseEncodingDirection": "i",
    "SliceTiming": [
        0,
        0.081,
        0.162,
        0.0001625,
        0.0811625,
        0.162162,
        0.0003225,
        0.0813225,
        0.162322,
        0.0004825,
        0.0814825,
        0.162482,
        0.000645,
        0.081645,
        0.162645,
        0.000805,
        0.081805,
        0.162805,
        0.000965,
        0.081965,
        0.162965,
        0.001125,
        0.082125,
        0.163125,
        0.0012875,
        0.0822875,
        0.163287,
        0.0014475,
        0.0824475,
        0.163447,
        0.0016075,
        0.0826075,
        0.163607,
        0.00177,
        0.08277
    ],
    "ImageOrientationPatientDICOM": [
        1,
        4.897e-12,
        0,
        -4.897e-12,
        1,
        0
    ],
    "InPlanePhaseEncodingDirectionDICOM": "ROW",
    "ConversionSoftware": "dcm2niix",
    "ConversionSoftwareVersion": "v1.0.20181125  GCC4.8.2"
}