{
    "Modality": "MR",
    "MagneticFieldStrength": 3,
    "Manufacturer": "Siemens",
    "ManufacturersModelName": "TrioTim",
    "DeviceSerialNumber": "35248",
    "PatientPosition": "HFS",
    "SoftwareVersions": "syngo_MR_B17",
    "MRAcquisitionType": "3D",
    "SeriesDescription": "t2_spc_1mm_p2",
    "ScanningSequence": "SE",
    "SequenceVariant": "SK_SP",
    "ScanOptions": "PFP",
    "SequenceName": "spc3d1_278ns",
    "ImageType": [
        "ORIGINAL",
        "PRIMARY",
        "M",
        "ND",
        "NORM"
    ],
    "AcquisitionTime": "09:49:6.325000",
    "AcquisitionNumber": 1,
    "SliceThickness": 1,
    "SAR": 0.213918,
    "EchoTime": 0.455,
    "RepetitionTime": 3.2,
    "FlipAngle": 120,
    "PartialFourier": 1,
    "BaseResolution": 256,
    "ShimSetting": [
        9321,
        9027,
        4698,
        412,
        -94,
        -288,
        -92,
        -144
    ],
    "TxRefAmp": 284.119,
    "PhaseResolution": 0.992188,
    "ReceiveCoilName": "HeadMatrix",
    "PulseSequenceDetails": "%SiemensSeq%_tse_vfl",
    "PercentPhaseFOV": 100,
    "EchoTrainLength": 139,
    "PhaseEncodingSteps": 246,
    "AcquisitionMatrixPE": 254,
    "ReconMatrixPE": 256,
    "ParallelReductionFactorInPlane": 2,
    "PixelBandwidth": 698,
    "DwellTime": 2.8e-06,
    "ImageOrientationPatientDICOM": [
        -0.0359567,
        0.999244,
        -0.014791,
        0.0772752,
        -0.0119762,
        -0.996938
    ],
    "InPlanePhaseEncodingDirectionDICOM": "ROW",
    "ConversionSoftware": "dcm2niix",
    "ConversionSoftwareVersion": "v1.0.20171017 GCC4.4.7"
}