{
    "Modality": "MR",
    "MagneticFieldStrength": 3,
    "ImagingFrequency": 123.25,
    "Manufacturer": "Siemens",
    "ManufacturersModelName": "MAGNETOM_Vida",
    "DeviceSerialNumber": "175614",
    "BodyPartExamined": "BRAIN",
    "PatientPosition": "HFS",
    "SoftwareVersions": "syngo_MR_XA11",
    "MRAcquisitionType": "2D",
    "SeriesDescription": "Axial_FLAIR",
    "SequenceVariant": "SK_SP_MP",
    "ImageType": [
        "ORIGINAL",
        "PRIMARY",
        "M",
        "NONE"
    ],
    "AcquisitionTime": "12:51:21.400000",
    "AcquisitionNumber": 1,
    "SliceThickness": 5,
    "SpacingBetweenSlices": 5,
    "EchoTime": 0.091,
    "RepetitionTime": 9,
    "FlipAngle": 150,
    "ReceiveCoilActiveElements": "HE1-4;NE2",
    "CoilString": "HeadNeck_20_TCS",
    "PartialFourier": 0.140625,
    "PercentPhaseFOV": 100,
    "EchoTrainLength": 18,
    "AcquisitionMatrixPE": 256,
    "ReconMatrixPE": 256,
    "ParallelReductionFactorInPlane": 2,
    "PixelBandwidth": 222,
    "PhaseEncodingDirection": "i",
    "SliceTiming": [
        0,
        0.081,
        0.162,
        0.0001575,
        0.0811575,
        0.162157,
        0.000315,
        0.081315,
        0.162315,
        0.00047,
        0.08147,
        0.16247,
        0.0006275,
        0.0816275,
        0.162627,
        0.0007825,
        0.0817825,
        0.162782,
        0.00094,
        0.08194,
        0.16294,
        0.001095,
        0.082095,
        0.163095,
        0.0012525,
        0.0822525,
        0.163252,
        0.0014075,
        0.0824075,
        0.163407,
        0.001565,
        0.082565,
        0.163565,
        0.00172,
        0.08272
    ],
    "ImageOrientationPatientDICOM": [
        1,
        4.897e-12,
        0,
        -4.897e-12,
        1,
        0
    ],
    "InPlanePhaseEncodingDirectionDICOM": "ROW",
    "ConversionSoftware": "dcm2niix",
    "ConversionSoftwareVersion": "v1.0.20181125  GCC4.8.2"
}