{
    "Modality": "MR",
    "MagneticFieldStrength": 3,
    "Manufacturer": "Siemens",
    "ManufacturersModelName": "TrioTim",
    "DeviceSerialNumber": "35248",
    "PatientPosition": "HFS",
    "SoftwareVersions": "syngo_MR_B17",
    "MRAcquisitionType": "3D",
    "SeriesDescription": "mIP_Images(SW)",
    "ScanningSequence": "GR",
    "SequenceVariant": "SP",
    "SequenceName": "swi3d1r",
    "ImageType": [
        "ORIGINAL",
        "PRIMARY",
        "MNIP",
        "ND",
        "NORM"
    ],
    "AcquisitionTime": "13:21:29.025000",
    "AcquisitionNumber": 1,
    "SliceThickness": 16,
    "SAR": 0.0239866,
    "EchoTime": 0.02,
    "RepetitionTime": 0.028,
    "FlipAngle": 15,
    "PartialFourier": 1,
    "BaseResolution": 256,
    "ShimSetting": [
        9145,
        9127,
        4640,
        480,
        -313,
        -278,
        150,
        -185
    ],
    "TxRefAmp": 299.299,
    "PhaseResolution": 1,
    "ReceiveCoilName": "HeadMatrix",
    "PulseSequenceDetails": "%SiemensSeq%_gre",
    "PercentPhaseFOV": 75,
    "PhaseEncodingSteps": 189,
    "AcquisitionMatrixPE": 192,
    "ReconMatrixPE": 256,
    "ParallelReductionFactorInPlane": 4,
    "PixelBandwidth": 120,
    "DwellTime": 1.63e-05,
    "ImageOrientationPatientDICOM": [
        0.989461,
        0.0322234,
        0.141168,
        -0.027984,
        0.999099,
        -0.0319145
    ],
    "InPlanePhaseEncodingDirectionDICOM": "ROW",
    "ConversionSoftware": "dcm2niix",
    "ConversionSoftwareVersion": "v1.0.20171017 GCC4.4.7"
}