{
    "Modality": "MR",
    "MagneticFieldStrength": 3,
    "ImagingFrequency": 123.25,
    "Manufacturer": "Siemens",
    "ManufacturersModelName": "MAGNETOM_Vida",
    "DeviceSerialNumber": "175614",
    "BodyPartExamined": "BRAIN",
    "PatientPosition": "HFS",
    "SoftwareVersions": "syngo_MR_XA11",
    "MRAcquisitionType": "2D",
    "SeriesDescription": "Axial_FLAIR",
    "SequenceVariant": "SK_SP_MP",
    "ImageType": [
        "ORIGINAL",
        "PRIMARY",
        "M",
        "NONE"
    ],
    "AcquisitionTime": "11:32:9.397500",
    "AcquisitionNumber": 1,
    "SliceThickness": 5,
    "SpacingBetweenSlices": 5,
    "EchoTime": 0.091,
    "RepetitionTime": 9,
    "FlipAngle": 150,
    "ReceiveCoilActiveElements": "HE1-4;NE2",
    "CoilString": "HeadNeck_20_TCS",
    "PartialFourier": 0.140625,
    "PercentPhaseFOV": 100,
    "EchoTrainLength": 18,
    "AcquisitionMatrixPE": 256,
    "ReconMatrixPE": 256,
    "ParallelReductionFactorInPlane": 2,
    "PixelBandwidth": 222,
    "PhaseEncodingDirection": "i",
    "SliceTiming": [
        0,
        0.081,
        0.162,
        0.000155,
        0.081155,
        0.162155,
        0.0003125,
        0.0813125,
        0.162312,
        0.0004675,
        0.0814675,
        0.162468,
        0.000625,
        0.081625,
        0.162625,
        0.00078,
        0.08178,
        0.16278,
        0.0009375,
        0.0819375,
        0.162938,
        0.0010925,
        0.0820925,
        0.163093,
        0.00125,
        0.08225,
        0.16325,
        0.001405,
        0.082405,
        0.163405,
        0.0015625,
        0.0825625,
        0.163562,
        0.00172,
        0.08272
    ],
    "ImageOrientationPatientDICOM": [
        1,
        4.897e-12,
        0,
        -4.897e-12,
        1,
        0
    ],
    "InPlanePhaseEncodingDirectionDICOM": "ROW",
    "ConversionSoftware": "dcm2niix",
    "ConversionSoftwareVersion": "v1.0.20181125  GCC4.8.2"
}