{
    "Modality": "MR",
    "MagneticFieldStrength": 1.494,
    "Manufacturer": "Siemens",
    "ManufacturersModelName": "Sonata",
    "DeviceSerialNumber": "21926",
    "PatientPosition": "HFS",
    "SoftwareVersions": "syngo_MR_2004A_4VA25A",
    "MRAcquisitionType": "2D",
    "SeriesDescription": "t2_tse_tra",
    "ScanningSequence": "SE",
    "SequenceVariant": "SK_SP_OSP",
    "SequenceName": "_tse2d2_7",
    "ImageType": [
        "ORIGINAL",
        "PRIMARY",
        "M",
        "ND"
    ],
    "AcquisitionTime": "13:00:6.430010",
    "AcquisitionNumber": 1,
    "SliceThickness": 5,
    "SpacingBetweenSlices": 5,
    "SAR": 0.00140286,
    "EchoTime": 0.116,
    "RepetitionTime": 6,
    "FlipAngle": 150,
    "PartialFourier": 1,
    "BaseResolution": 256,
    "ShimSetting": [
        -2,
        49,
        91,
        571,
        127,
        -632,
        435,
        326
    ],
    "TxRefAmp": 326.322,
    "PhaseResolution": 1,
    "ReceiveCoilName": "CP_HeadArray",
    "PulseSequenceDetails": "%SiemensSeq%_tse",
    "PercentPhaseFOV": 75,
    "EchoTrainLength": 7,
    "PhaseEncodingSteps": 196,
    "AcquisitionMatrixPE": 192,
    "ReconMatrixPE": 256,
    "PixelBandwidth": 100,
    "PhaseEncodingDirection": "i",
    "ImageOrientationPatientDICOM": [
        0.999377,
        -0.00949713,
        -0.0339921,
        6.53567e-11,
        0.963116,
        -0.269087
    ],
    "InPlanePhaseEncodingDirectionDICOM": "ROW",
    "ConversionSoftware": "dcm2niix",
    "ConversionSoftwareVersion": "v1.0.20171017 GCC4.4.7"
}