{
    "Modality": "PT",
    "Manufacturer": "SIEMENS",
    "ManufacturersModelName": "ECAT HRplus 962 PET scanner",
    "DeviceSerialNumber": "101006",
    "Tracer.Name": "PIB",
    "Tracer.Isotope": "C11",
    "Tracer.InjectionType": "Bolus",
    "Recon.MethodName": "Back projection reconstruction",
    "BodyPart": "HEAD",
    "AttenuationCorrection": "2D measured ",
    "Data.DecayCorrectionTime": "Start",
    "Dosage": 7.7,
    "DosageUnits": "mCi",
    "InjectedMass": "",
    "InjectedMassUnits": "",
    "SpecificRadioactivity": 1167.0,
    "InjectionTime": "",
    "InjectionStartUnits": "hh:mm:ss",
    "ScanStartTime": "",
    "ScanStartUnits": "hh:mm:ss",
    "Time": {
        "FrameTimes": {
            "Labels": [
                "frameStart",
                "frameMidtime",
                "frameDuration",
                "DecayCorrectionFactor",
                "frameIndex"
            ],
            "Units": [
                "s",
                "s",
                "s",
                "s",
                ""
            ],
            "Values": [
                [
                    0.0,
                    5.0,
                    10.0,
                    1.0183,
                    1
                ],
                [
                    30.0,
                    35.0,
                    10.0,
                    1.03576,
                    2
                ],
                [
                    40.0,
                    45.0,
                    10.0,
                    1.04165,
                    3
                ],
                [
                    50.0,
                    55.0,
                    10.0,
                    1.04757,
                    4
                ],
                [
                    60.0,
                    65.0,
                    10.0,
                    1.05352,
                    5
                ],
                [
                    70.0,
                    75.0,
                    10.0,
                    1.05951,
                    6
                ],
                [
                    80.0,
                    85.0,
                    10.0,
                    1.06553,
                    7
                ],
                [
                    90.0,
                    95.0,
                    10.0,
                    1.07159,
                    8
                ],
                [
                    100.0,
                    105.0,
                    10.0,
                    1.07768,
                    9
                ],
                [
                    110.0,
                    140.0,
                    60.0,
                    1.09922,
                    10
                ],
                [
                    170.0,
                    200.0,
                    60.0,
                    1.13724,
                    11
                ],
                [
                    230.0,
                    260.0,
                    60.0,
                    1.17658,
                    12
                ],
                [
                    290.0,
                    440.0,
                    300.0,
                    1.30144,
                    13
                ],
                [
                    590.0,
                    740.0,
                    300.0,
                    1.54265,
                    14
                ],
                [
                    890.0,
                    1040.0,
                    300.0,
                    1.82856,
                    15
                ],
                [
                    1190.0,
                    1340.0,
                    300.0,
                    2.16746,
                    16
                ],
                [
                    1490.0,
                    1640.0,
                    300.0,
                    2.56917,
                    17
                ],
                [
                    1790.0,
                    1940.0,
                    300.0,
                    3.04534,
                    18
                ],
                [
                    2090.0,
                    2240.0,
                    300.0,
                    3.60976,
                    19
                ],
                [
                    2390.0,
                    2540.0,
                    300.0,
                    4.27878,
                    20
                ],
                [
                    2690.0,
                    2840.0,
                    300.0,
                    5.0718,
                    21
                ],
                [
                    2990.0,
                    3140.0,
                    300.0,
                    6.0118,
                    22
                ],
                [
                    3290.0,
                    3440.0,
                    300.0,
                    7.12601,
                    23
                ]
            ]
        }
    },
    "ConversionSoftware": "dcm2niix",
    "ConversionSoftwareVersion": "v1.0.20180404 GCC4.4.7"
}