{
    "Modality": "MR",
    "MagneticFieldStrength": 3,
    "Manufacturer": "Siemens",
    "ManufacturersModelName": "TrioTim",
    "DeviceSerialNumber": "35248",
    "PatientPosition": "HFS",
    "SoftwareVersions": "syngo_MR_B17",
    "MRAcquisitionType": "3D",
    "SeriesDescription": "t1_mpr_1mm_p2_pos50",
    "ScanningSequence": "GR_IR",
    "SequenceVariant": "SP_MP_OSP",
    "ScanOptions": "IR",
    "SequenceName": "tfl3d1_ns",
    "ImageType": [
        "ORIGINAL",
        "PRIMARY",
        "M",
        "ND",
        "NORM"
    ],
    "AcquisitionTime": "17:28:21.070000",
    "AcquisitionNumber": 1,
    "SliceThickness": 1,
    "SAR": 0.0937895,
    "EchoTime": 0.00316,
    "RepetitionTime": 2.4,
    "InversionTime": 1,
    "FlipAngle": 8,
    "PartialFourier": 1,
    "BaseResolution": 256,
    "ShimSetting": [
        9258,
        9184,
        4669,
        299,
        4,
        -670,
        0,
        6
    ],
    "TxRefAmp": 412.362,
    "PhaseResolution": 1,
    "PhaseOversampling": 0.5,
    "ReceiveCoilName": "HeadMatrix",
    "PulseSequenceDetails": "%SiemensSeq%_tfl",
    "PercentPhaseFOV": 100,
    "PhaseEncodingSteps": 383,
    "AcquisitionMatrixPE": 256,
    "ReconMatrixPE": 256,
    "ParallelReductionFactorInPlane": 2,
    "PixelBandwidth": 219,
    "DwellTime": 8.9e-06,
    "ImageOrientationPatientDICOM": [
        -0.042988,
        0.975011,
        -0.217959,
        0.00795399,
        -0.217819,
        -0.975957
    ],
    "InPlanePhaseEncodingDirectionDICOM": "ROW",
    "ConversionSoftware": "dcm2niix",
    "ConversionSoftwareVersion": "v1.0.20171017 GCC4.4.7"
}