{
    "Modality": "MR",
    "MagneticFieldStrength": 3,
    "Manufacturer": "Siemens",
    "ManufacturersModelName": "TrioTim",
    "DeviceSerialNumber": "35248",
    "PatientPosition": "HFS",
    "SoftwareVersions": "syngo_MR_B17",
    "MRAcquisitionType": "2D",
    "SeriesDescription": "FLAIR_AXIAL",
    "ScanningSequence": "SE_IR",
    "SequenceVariant": "SK_SP_MP_OSP",
    "ScanOptions": "IR_FS",
    "SequenceName": "tir2d1_17",
    "ImageType": [
        "ORIGINAL",
        "PRIMARY",
        "M",
        "ND",
        "NORM"
    ],
    "AcquisitionTime": "09:47:15.282500",
    "AcquisitionNumber": 1,
    "SliceThickness": 5,
    "SpacingBetweenSlices": 6,
    "SAR": 0.386532,
    "EchoTime": 0.076,
    "RepetitionTime": 9,
    "InversionTime": 2.5,
    "FlipAngle": 120,
    "PartialFourier": 1,
    "BaseResolution": 256,
    "ShimSetting": [
        9258,
        9075,
        4481,
        247,
        109,
        -913,
        34,
        31
    ],
    "TxRefAmp": 299.073,
    "PhaseResolution": 1,
    "ReceiveCoilName": "HeadMatrix",
    "PulseSequenceDetails": "%SiemensSeq%_tse",
    "PercentPhaseFOV": 87.5,
    "EchoTrainLength": 17,
    "PhaseEncodingSteps": 238,
    "AcquisitionMatrixPE": 224,
    "ReconMatrixPE": 256,
    "PixelBandwidth": 210,
    "DwellTime": 9.3e-06,
    "PhaseEncodingDirection": "i",
    "ImageOrientationPatientDICOM": [
        0.998743,
        0.0411931,
        -0.0285677,
        -0.0404624,
        0.99885,
        0.0257033
    ],
    "InPlanePhaseEncodingDirectionDICOM": "ROW",
    "ConversionSoftware": "dcm2niix",
    "ConversionSoftwareVersion": "v1.0.20171017 GCC4.4.7"
}