{
    "Modality": "MR",
    "MagneticFieldStrength": 3,
    "Manufacturer": "Siemens",
    "ManufacturersModelName": "Biograph_mMR",
    "DeviceSerialNumber": "51010",
    "PatientPosition": "HFS",
    "SoftwareVersions": "syngo_MR_B18P",
    "MRAcquisitionType": "3D",
    "SeriesDescription": "MPRAGE_GRAPPA2",
    "ScanningSequence": "GR_IR",
    "SequenceVariant": "SP_MP",
    "ScanOptions": "IR",
    "SequenceName": "_tfl3d1_ns",
    "ImageType": [
        "ORIGINAL",
        "PRIMARY",
        "M",
        "ND",
        "NORM"
    ],
    "AcquisitionTime": "10:56:8.655000",
    "AcquisitionNumber": 1,
    "SliceThickness": 1.2,
    "SAR": 0.0426362,
    "EchoTime": 0.00295,
    "RepetitionTime": 2.3,
    "InversionTime": 0.9,
    "FlipAngle": 9,
    "PartialFourier": 1,
    "BaseResolution": 256,
    "ShimSetting": [
        -6895,
        14268,
        -5867,
        -15,
        -74,
        214,
        442,
        -102
    ],
    "TxRefAmp": 310.556,
    "PhaseResolution": 1,
    "ReceiveCoilName": "HeadNeck_MRPET",
    "PulseSequenceDetails": "%SiemensSeq%_tfl",
    "PercentPhaseFOV": 93.75,
    "PhaseEncodingSteps": 239,
    "AcquisitionMatrixPE": 240,
    "ReconMatrixPE": 256,
    "ParallelReductionFactorInPlane": 2,
    "PixelBandwidth": 238,
    "DwellTime": 8.2e-06,
    "ImageOrientationPatientDICOM": [
        -0.0401318,
        0.999194,
        -1.69578e-08,
        -0.022669,
        -0.0009105,
        -0.999743
    ],
    "InPlanePhaseEncodingDirectionDICOM": "ROW",
    "ConversionSoftware": "dcm2niix",
    "ConversionSoftwareVersion": "v1.0.20171017 GCC4.4.7"
}