{
    "Modality": "MR",
    "MagneticFieldStrength": 3,
    "Manufacturer": "Siemens",
    "ManufacturersModelName": "Biograph_mMR",
    "DeviceSerialNumber": "51010",
    "PatientPosition": "HFS",
    "SoftwareVersions": "syngo_MR_B18P",
    "MRAcquisitionType": "2D",
    "SeriesDescription": "Axial_T2_Star",
    "ScanningSequence": "GR",
    "SequenceVariant": "SP",
    "SequenceName": "_fl2d1r",
    "ImageType": [
        "ORIGINAL",
        "PRIMARY",
        "M",
        "NORM",
        "DIS2D"
    ],
    "AcquisitionTime": "10:55:37.670000",
    "AcquisitionNumber": 1,
    "SliceThickness": 4,
    "SpacingBetweenSlices": 4,
    "SAR": 0.00676312,
    "EchoTime": 0.02,
    "RepetitionTime": 0.65,
    "FlipAngle": 20,
    "PartialFourier": 1,
    "BaseResolution": 256,
    "ShimSetting": [
        -6865,
        14358,
        -6279,
        -3,
        10,
        558,
        478,
        -187
    ],
    "TxRefAmp": 324.298,
    "PhaseResolution": 0.75,
    "ReceiveCoilName": "HeadNeck_MRPET",
    "PulseSequenceDetails": "%SiemensSeq%_gre",
    "PercentPhaseFOV": 100,
    "PhaseEncodingSteps": 192,
    "AcquisitionMatrixPE": 192,
    "ReconMatrixPE": 256,
    "PixelBandwidth": 199,
    "DwellTime": 9.8e-06,
    "PhaseEncodingDirection": "i",
    "ImageOrientationPatientDICOM": [
        1,
        -2.05103e-10,
        0,
        2.05103e-10,
        1,
        0
    ],
    "InPlanePhaseEncodingDirectionDICOM": "ROW",
    "ConversionSoftware": "dcm2niix",
    "ConversionSoftwareVersion": "v1.0.20171017 GCC4.4.7"
}