{
    "Modality": "MR",
    "MagneticFieldStrength": 3,
    "Manufacturer": "Siemens",
    "ManufacturersModelName": "TrioTim",
    "DeviceSerialNumber": "35248",
    "PatientPosition": "HFS",
    "SoftwareVersions": "syngo_MR_B17",
    "MRAcquisitionType": "3D",
    "SeriesDescription": "t1_mpr_1mm_p2_pos50",
    "ScanningSequence": "GR_IR",
    "SequenceVariant": "SP_MP_OSP",
    "ScanOptions": "IR",
    "SequenceName": "_tfl3d1_ns",
    "ImageType": [
        "ORIGINAL",
        "PRIMARY",
        "M",
        "ND",
        "NORM"
    ],
    "AcquisitionTime": "15:15:3.472500",
    "AcquisitionNumber": 1,
    "SliceThickness": 1,
    "SAR": 0.0750094,
    "EchoTime": 0.00316,
    "RepetitionTime": 2.4,
    "InversionTime": 1,
    "FlipAngle": 8,
    "PartialFourier": 1,
    "BaseResolution": 256,
    "ShimSetting": [
        9107,
        9148,
        4617,
        269,
        90,
        -284,
        307,
        50
    ],
    "TxRefAmp": 281.158,
    "PhaseResolution": 1,
    "PhaseOversampling": 0.5,
    "ReceiveCoilName": "HeadMatrix",
    "PulseSequenceDetails": "%SiemensSeq%_tfl",
    "PercentPhaseFOV": 100,
    "PhaseEncodingSteps": 383,
    "AcquisitionMatrixPE": 256,
    "ReconMatrixPE": 256,
    "ParallelReductionFactorInPlane": 2,
    "PixelBandwidth": 219,
    "DwellTime": 8.9e-06,
    "ImageOrientationPatientDICOM": [
        -0.0984865,
        0.989155,
        -0.108964,
        -0.0252467,
        -0.111944,
        -0.993394
    ],
    "InPlanePhaseEncodingDirectionDICOM": "ROW",
    "ConversionSoftware": "dcm2niix",
    "ConversionSoftwareVersion": "v1.0.20171017 GCC4.4.7"
}