{
    "Modality": "MR",
    "MagneticFieldStrength": 3,
    "Manufacturer": "Siemens",
    "ManufacturersModelName": "TrioTim",
    "DeviceSerialNumber": "35177",
    "BodyPartExamined": "HEAD",
    "PatientPosition": "HFS",
    "SoftwareVersions": "syngo_MR_B13_4VB13A",
    "MRAcquisitionType": "3D",
    "SeriesDescription": "t2_spc_1mm_p2",
    "ScanningSequence": "SE",
    "SequenceVariant": "SK_SP",
    "SequenceName": "_spc3d1_278ns",
    "ImageType": [
        "ORIGINAL",
        "PRIMARY",
        "M",
        "ND",
        "NORM"
    ],
    "AcquisitionTime": "13:02:0.020000",
    "AcquisitionNumber": 1,
    "SliceThickness": 1,
    "SAR": 0.274924,
    "EchoTime": 0.455,
    "RepetitionTime": 3.2,
    "FlipAngle": 120,
    "PartialFourier": 1,
    "BaseResolution": 256,
    "ShimSetting": [
        -215,
        -19862,
        7881,
        236,
        -143,
        -260,
        -181,
        10
    ],
    "TxRefAmp": 239.478,
    "PhaseResolution": 0.992188,
    "ReceiveCoilName": "HeadMatrix",
    "PulseSequenceDetails": "%SiemensSeq%_tse_vfl",
    "PercentPhaseFOV": 100,
    "EchoTrainLength": 139,
    "PhaseEncodingSteps": 254,
    "AcquisitionMatrixPE": 254,
    "ReconMatrixPE": 256,
    "ParallelReductionFactorInPlane": 2,
    "PixelBandwidth": 700,
    "DwellTime": 2.8e-06,
    "ImageOrientationPatientDICOM": [
        0.0127701,
        0.998457,
        0.0540367,
        0.0402049,
        0.0534847,
        -0.997759
    ],
    "InPlanePhaseEncodingDirectionDICOM": "ROW",
    "ConversionSoftware": "dcm2niix",
    "ConversionSoftwareVersion": "v1.0.20171017 GCC4.4.7"
}