{
    "Modality": "MR",
    "MagneticFieldStrength": 3,
    "Manufacturer": "Siemens",
    "ManufacturersModelName": "TrioTim",
    "DeviceSerialNumber": "35248",
    "PatientPosition": "HFS",
    "SoftwareVersions": "syngo_MR_B17",
    "MRAcquisitionType": "2D",
    "SeriesDescription": "tse_p3",
    "ScanningSequence": "SE",
    "SequenceVariant": "SK_SP",
    "SequenceName": "tse2d1_17",
    "ImageType": [
        "ORIGINAL",
        "PRIMARY",
        "M",
        "ND",
        "NORM"
    ],
    "AcquisitionTime": "17:50:42.697500",
    "AcquisitionNumber": 1,
    "SliceThickness": 4,
    "SpacingBetweenSlices": 4,
    "SAR": 0.550659,
    "EchoTime": 0.086,
    "RepetitionTime": 6.15,
    "FlipAngle": 120,
    "PartialFourier": 1,
    "BaseResolution": 256,
    "ShimSetting": [
        9254,
        9189,
        4671,
        481,
        -1,
        -493,
        -115,
        16
    ],
    "TxRefAmp": 412.362,
    "PhaseResolution": 0.5,
    "ReceiveCoilName": "HeadMatrix",
    "PulseSequenceDetails": "%SiemensSeq%_tse",
    "PercentPhaseFOV": 100,
    "EchoTrainLength": 17,
    "PhaseEncodingSteps": 128,
    "AcquisitionMatrixPE": 128,
    "ReconMatrixPE": 256,
    "ParallelReductionFactorInPlane": 3,
    "PixelBandwidth": 199,
    "DwellTime": 9.8e-06,
    "PhaseEncodingDirection": "j-",
    "ImageOrientationPatientDICOM": [
        0.999044,
        0.0436881,
        -0.0016083,
        -0.042988,
        0.975011,
        -0.217959
    ],
    "InPlanePhaseEncodingDirectionDICOM": "COL",
    "ConversionSoftware": "dcm2niix",
    "ConversionSoftwareVersion": "v1.0.20171017 GCC4.4.7"
}