{
    "Modality": "MR",
    "MagneticFieldStrength": 1.494,
    "Manufacturer": "Siemens",
    "ManufacturersModelName": "Sonata",
    "DeviceSerialNumber": "21926",
    "PatientPosition": "HFS",
    "SoftwareVersions": "syngo_MR_2004A_4VA25A",
    "MRAcquisitionType": "3D",
    "SeriesDescription": "t1_mpr_ns_sag",
    "ScanningSequence": "IR_GR",
    "SequenceVariant": "SP_MP",
    "ScanOptions": "IR",
    "SequenceName": "_tfl3d1_ns",
    "ImageType": [
        "ORIGINAL",
        "PRIMARY",
        "M",
        "DIS2D"
    ],
    "AcquisitionTime": "12:51:58.287490",
    "AcquisitionNumber": 1,
    "SliceThickness": 1,
    "SAR": 0.00127905,
    "EchoTime": 0.00393,
    "RepetitionTime": 1.9,
    "InversionTime": 1.1,
    "FlipAngle": 15,
    "PartialFourier": 1,
    "BaseResolution": 256,
    "ShimSetting": [
        -1,
        48,
        96,
        177,
        32,
        -977,
        639,
        267
    ],
    "TxRefAmp": 326.322,
    "PhaseResolution": 1,
    "ReceiveCoilName": "CP_HeadArray",
    "PulseSequenceDetails": "%SiemensSeq%_tfl",
    "PercentPhaseFOV": 93.75,
    "PhaseEncodingSteps": 240,
    "AcquisitionMatrixPE": 240,
    "ReconMatrixPE": 256,
    "PixelBandwidth": 130,
    "ImageOrientationPatientDICOM": [
        0,
        1,
        0,
        0,
        0,
        -1
    ],
    "InPlanePhaseEncodingDirectionDICOM": "ROW",
    "ConversionSoftware": "dcm2niix",
    "ConversionSoftwareVersion": "v1.0.20171017 GCC4.4.7"
}