{
    "Modality": "PET",
    "Manufacturer": "Siemens",
    "ManufacturersModelName": "Biograph128_Vision 600 Edge",
    "DeviceSerialNumber": "11009",
    "Unit": "BQML",
    "InstitutionName": "Mallinckrodt Institute of Radiology and Knight Alzheimer's Disease Research Center at Washington University in St. Louis",
    "BodyPart": "Brain",
    "TracerName": "PIB",
    "TracerRadionuclide": "C11",
    "InjectedRadioactivity": 15.6,
    "InjectedRadioactivityUnit": "mCi",
    "InjectedMass": "n/a",
    "InjectedMassUnit": "n/a",
    "SpecificRadioactivity": "n/a",
    "SpecificRadioactivityUnit": "n/a",
    "ModeOfAdministration": "bolus",
    "TimeZero": "12:06:12",
    "TimeZeroUnit": "hh:mm:ss",
    "InjectionStart": "12:06:12",
    "InjectionStartUnit": "hh:mm:ss",
    "ScanStart": "12:06:12",
    "ScanStartUnit": "hh:mm:ss",
    "FrameTimes": {
        "FrameTimes": {
            "Labels": [
                "frameStart",
                "frameMidtime",
                "frameDuration",
                "DecayCorrectionFactor",
                "frameIndex"
            ],
            "Units": [
                "s",
                "s",
                "s",
                "s",
                ""
            ],
            "Values": [
                [
                    0.0,
                    5.0,
                    10.0,
                    1.00284,
                    1
                ],
                [
                    10.0,
                    15.0,
                    10.0,
                    1.00856,
                    2
                ],
                [
                    20.0,
                    25.0,
                    10.0,
                    1.0143,
                    3
                ],
                [
                    30.0,
                    35.0,
                    10.0,
                    1.02008,
                    4
                ],
                [
                    40.0,
                    45.0,
                    10.0,
                    1.02589,
                    5
                ],
                [
                    50.0,
                    55.0,
                    10.0,
                    1.03174,
                    6
                ],
                [
                    60.0,
                    65.0,
                    10.0,
                    1.03762,
                    7
                ],
                [
                    70.0,
                    75.0,
                    10.0,
                    1.04353,
                    8
                ],
                [
                    80.0,
                    85.0,
                    10.0,
                    1.04948,
                    9
                ],
                [
                    90.0,
                    95.0,
                    10.0,
                    1.05545,
                    10
                ],
                [
                    100.0,
                    105.0,
                    10.0,
                    1.06147,
                    11
                ],
                [
                    110.0,
                    115.0,
                    10.0,
                    1.06752,
                    12
                ],
                [
                    120.0,
                    150.0,
                    60.0,
                    1.0889,
                    13
                ],
                [
                    180.0,
                    210.0,
                    60.0,
                    1.12666,
                    14
                ],
                [
                    240.0,
                    270.0,
                    60.0,
                    1.16573,
                    15
                ],
                [
                    300.0,
                    450.0,
                    300.0,
                    1.28975,
                    16
                ],
                [
                    600.0,
                    750.0,
                    300.0,
                    1.52942,
                    17
                ],
                [
                    900.0,
                    1050.0,
                    300.0,
                    1.81363,
                    18
                ],
                [
                    1200.0,
                    1350.0,
                    300.0,
                    2.15065,
                    19
                ],
                [
                    1500.0,
                    1650.0,
                    300.0,
                    2.5503,
                    20
                ],
                [
                    1800.0,
                    1950.0,
                    300.0,
                    3.02422,
                    21
                ],
                [
                    2100.0,
                    2250.0,
                    300.0,
                    3.5862,
                    22
                ],
                [
                    2400.0,
                    2550.0,
                    300.0,
                    4.25261,
                    23
                ],
                [
                    2700.0,
                    2850.0,
                    300.0,
                    5.04286,
                    24
                ],
                [
                    3000.0,
                    3150.0,
                    300.0,
                    5.97996,
                    25
                ],
                [
                    3300.0,
                    3450.0,
                    300.0,
                    7.0912,
                    26
                ]
            ]
        }
    },
    "AcquisitionMode": "n/a",
    "ImageDecayCorrected": "true",
    "ImageDecayCorrectionTime": "START",
    "ReconMethodName": "OSEM3D+TOF",
    "ReconMethodParameterLabels": [
        "subsets",
        "iterations"
    ],
    "ReconMethodParameterUnit": [
        "none",
        "none"
    ],
    "ReconMethodParameterValues": [
        "5",
        "8"
    ],
    "ReconFilterType": "n/a",
    "ReconFilterSize": "n/a",
    "AttenuationCorrection": "measured_/TF^AC CT Brain 3.0 H30f",
    "ConversionSoftware": "dcm2niix",
    "ConversionSoftwareVersion": "v1.0.20181125  GCC4.8.2"
}