{
    "Modality": "MR",
    "MagneticFieldStrength": 3,
    "Manufacturer": "Siemens",
    "ManufacturersModelName": "TrioTim",
    "DeviceSerialNumber": "35177",
    "BodyPartExamined": "HEAD",
    "PatientPosition": "HFS",
    "SoftwareVersions": "syngo_MR_B13_4VB13A",
    "MRAcquisitionType": "2D",
    "SeriesDescription": "tse_p3",
    "ScanningSequence": "SE",
    "SequenceVariant": "SK_SP_OSP",
    "SequenceName": "_tse2d1_17",
    "ImageType": [
        "ORIGINAL",
        "PRIMARY",
        "M",
        "ND",
        "NORM"
    ],
    "AcquisitionTime": "14:57:42.922500",
    "AcquisitionNumber": 1,
    "SliceThickness": 4,
    "SpacingBetweenSlices": 4,
    "SAR": 0.445631,
    "EchoTime": 0.086,
    "RepetitionTime": 6.15,
    "FlipAngle": 120,
    "PartialFourier": 1,
    "BaseResolution": 256,
    "ShimSetting": [
        -209,
        -19784,
        7873,
        548,
        -114,
        -203,
        196,
        -71
    ],
    "TxRefAmp": 240.562,
    "PhaseResolution": 0.5,
    "ReceiveCoilName": "HeadMatrix",
    "PulseSequenceDetails": "%SiemensSeq%_tse",
    "PercentPhaseFOV": 100,
    "EchoTrainLength": 17,
    "PhaseEncodingSteps": 135,
    "AcquisitionMatrixPE": 128,
    "ReconMatrixPE": 256,
    "ParallelReductionFactorInPlane": 3,
    "PixelBandwidth": 200,
    "DwellTime": 9.8e-06,
    "PhaseEncodingDirection": "j-",
    "ImageOrientationPatientDICOM": [
        0.999811,
        0.0173826,
        0.00872604,
        -0.0178281,
        0.998388,
        0.0538769
    ],
    "InPlanePhaseEncodingDirectionDICOM": "COL",
    "ConversionSoftware": "dcm2niix",
    "ConversionSoftwareVersion": "v1.0.20171017 GCC4.4.7"
}