{
    "Modality": "MR",
    "MagneticFieldStrength": 3,
    "ImagingFrequency": 123.25,
    "Manufacturer": "Siemens",
    "ManufacturersModelName": "MAGNETOM_Vida",
    "DeviceSerialNumber": "175614",
    "BodyPartExamined": "BRAIN",
    "PatientPosition": "HFS",
    "SoftwareVersions": "syngo_MR_XA11",
    "MRAcquisitionType": "3D",
    "SeriesDescription": "3D_FLAIR_MS-P_new",
    "SequenceVariant": "SK_SP_MP",
    "ImageType": [
        "ORIGINAL",
        "PRIMARY",
        "M",
        "NONE"
    ],
    "AcquisitionTime": "12:23:32.930000",
    "AcquisitionNumber": 1,
    "SliceThickness": 1,
    "EchoTime": 0.394,
    "RepetitionTime": 5,
    "FlipAngle": 120,
    "ReceiveCoilActiveElements": "HE1-4;NE1_2",
    "CoilString": "HeadNeck_20_TCS",
    "PercentPhaseFOV": 100,
    "EchoTrainLength": 211,
    "AcquisitionMatrixPE": 256,
    "ReconMatrixPE": 256,
    "PixelBandwidth": 751,
    "ImageOrientationPatientDICOM": [
        -0.0248196,
        0.994854,
        0.0982334,
        0.027683,
        0.0989099,
        -0.994711
    ],
    "InPlanePhaseEncodingDirectionDICOM": "ROW",
    "ConversionSoftware": "dcm2niix",
    "ConversionSoftwareVersion": "v1.0.20181125  GCC4.8.2"
}