{
    "Modality": "PT",
    "Manufacturer": "SIEMENS",
    "ManufacturersModelName": "ECAT HRplus 962 PET scanner",
    "DeviceSerialNumber": "101006",
    "Tracer.Name": "PIB",
    "Tracer.Isotope": "C11",
    "Tracer.InjectionType": "Bolus",
    "Recon.MethodName": "Back projection reconstruction",
    "BodyPart": "HEAD",
    "AttenuationCorrection": "2D measured ",
    "Data.DecayCorrectionTime": "Start",
    "Dosage": 15.9,
    "DosageUnits": "mCi",
    "InjectedMass": 2.79,
    "InjectedMassUnits": "ug",
    "SpecificRadioactivity": 4701.0,
    "InjectionTime": "",
    "InjectionStartUnits": "hh:mm:ss",
    "ScanStartTime": "",
    "ScanStartUnits": "hh:mm:ss",
    "Time": {
        "FrameTimes": {
            "Labels": [
                "frameStart",
                "frameMidtime",
                "frameDuration",
                "DecayCorrectionFactor",
                "frameIndex"
            ],
            "Units": [
                "s",
                "s",
                "s",
                "s",
                ""
            ],
            "Values": [
                [
                    0.0,
                    2.5,
                    5.0,
                    1.01111,
                    1
                ],
                [
                    15.0,
                    17.5,
                    5.0,
                    1.01975,
                    2
                ],
                [
                    20.0,
                    22.5,
                    5.0,
                    1.02264,
                    3
                ],
                [
                    25.0,
                    27.5,
                    5.0,
                    1.02554,
                    4
                ],
                [
                    30.0,
                    32.5,
                    5.0,
                    1.02845,
                    5
                ],
                [
                    35.0,
                    37.5,
                    5.0,
                    1.03137,
                    6
                ],
                [
                    40.0,
                    42.5,
                    5.0,
                    1.0343,
                    7
                ],
                [
                    45.0,
                    47.5,
                    5.0,
                    1.03723,
                    8
                ],
                [
                    50.0,
                    52.5,
                    5.0,
                    1.04018,
                    9
                ],
                [
                    55.0,
                    57.5,
                    5.0,
                    1.04313,
                    10
                ],
                [
                    60.0,
                    62.5,
                    5.0,
                    1.04609,
                    11
                ],
                [
                    65.0,
                    67.5,
                    5.0,
                    1.04906,
                    12
                ],
                [
                    70.0,
                    72.5,
                    5.0,
                    1.05203,
                    13
                ],
                [
                    75.0,
                    77.5,
                    5.0,
                    1.05502,
                    14
                ],
                [
                    80.0,
                    82.5,
                    5.0,
                    1.05801,
                    15
                ],
                [
                    85.0,
                    87.5,
                    5.0,
                    1.06102,
                    16
                ],
                [
                    90.0,
                    92.5,
                    5.0,
                    1.06403,
                    17
                ],
                [
                    95.0,
                    97.5,
                    5.0,
                    1.06705,
                    18
                ],
                [
                    100.0,
                    102.5,
                    5.0,
                    1.07007,
                    19
                ],
                [
                    105.0,
                    107.5,
                    5.0,
                    1.07311,
                    20
                ],
                [
                    110.0,
                    112.5,
                    5.0,
                    1.07616,
                    21
                ],
                [
                    115.0,
                    117.5,
                    5.0,
                    1.07921,
                    22
                ],
                [
                    120.0,
                    122.525,
                    5.05,
                    1.08227,
                    23
                ],
                [
                    125.05,
                    135.05,
                    20.0,
                    1.08996,
                    24
                ],
                [
                    145.05,
                    155.05,
                    20.0,
                    1.10239,
                    25
                ],
                [
                    165.05,
                    175.05,
                    20.0,
                    1.11495,
                    26
                ],
                [
                    185.05,
                    195.05,
                    20.0,
                    1.12766,
                    27
                ],
                [
                    205.05,
                    215.05,
                    20.0,
                    1.14052,
                    28
                ],
                [
                    225.05,
                    235.05,
                    20.0,
                    1.15352,
                    29
                ],
                [
                    245.05,
                    255.05,
                    20.0,
                    1.16667,
                    30
                ],
                [
                    265.05,
                    275.05,
                    20.0,
                    1.17997,
                    31
                ],
                [
                    285.05,
                    295.05,
                    20.0,
                    1.19342,
                    32
                ],
                [
                    305.05,
                    335.05,
                    60.0,
                    1.22073,
                    33
                ],
                [
                    365.05,
                    395.05,
                    60.0,
                    1.26296,
                    34
                ],
                [
                    425.05,
                    455.05,
                    60.0,
                    1.30664,
                    35
                ],
                [
                    485.05,
                    515.05,
                    60.0,
                    1.35184,
                    36
                ],
                [
                    545.05,
                    575.05,
                    60.0,
                    1.3986,
                    37
                ],
                [
                    605.05,
                    635.05,
                    60.0,
                    1.44698,
                    38
                ],
                [
                    665.05,
                    695.05,
                    60.0,
                    1.49703,
                    39
                ],
                [
                    725.05,
                    755.05,
                    60.0,
                    1.54882,
                    40
                ],
                [
                    785.05,
                    815.05,
                    60.0,
                    1.60239,
                    41
                ],
                [
                    845.05,
                    875.05,
                    60.0,
                    1.65782,
                    42
                ],
                [
                    905.05,
                    1055.05,
                    300.0,
                    1.83375,
                    43
                ],
                [
                    1205.047,
                    1355.047,
                    300.0,
                    2.17361,
                    44
                ],
                [
                    1505.047,
                    1655.047,
                    300.0,
                    2.57646,
                    45
                ],
                [
                    1805.047,
                    1955.047,
                    300.0,
                    3.05398,
                    46
                ],
                [
                    2105.047,
                    2255.047,
                    300.0,
                    3.62,
                    47
                ],
                [
                    2405.047,
                    2555.047,
                    300.0,
                    4.29092,
                    48
                ],
                [
                    2705.047,
                    2855.047,
                    300.0,
                    5.08619,
                    49
                ],
                [
                    3005.047,
                    3155.047,
                    300.0,
                    6.02886,
                    50
                ],
                [
                    3305.047,
                    3455.047,
                    300.0,
                    7.14623,
                    51
                ]
            ]
        }
    },
    "ConversionSoftware": "dcm2niix",
    "ConversionSoftwareVersion": "v1.0.20180404 GCC4.4.7"
}