{
    "Modality": "PT",
    "Manufacturer": "SIEMENS",
    "ManufacturersModelName": "ECAT HRplus 962 PET scanner",
    "DeviceSerialNumber": "101006",
    "Tracer.Name": "PIB",
    "Tracer.Isotope": "C11",
    "Tracer.InjectionType": "Bolus",
    "Recon.MethodName": "Back projection reconstruction",
    "BodyPart": "HEAD",
    "AttenuationCorrection": "2D measured ",
    "Data.DecayCorrectionTime": "Start",
    "Dosage": 18.9,
    "DosageUnits": "mCi",
    "InjectedMass": "",
    "InjectedMassUnits": "",
    "SpecificRadioactivity": 2940.0,
    "InjectionTime": "",
    "InjectionStartUnits": "hh:mm:ss",
    "ScanStartTime": "",
    "ScanStartUnits": "hh:mm:ss",
    "Time": {
        "FrameTimes": {
            "Labels": [
                "frameStart",
                "frameMidtime",
                "frameDuration",
                "DecayCorrectionFactor",
                "frameIndex"
            ],
            "Units": [
                "s",
                "s",
                "s",
                "s",
                ""
            ],
            "Values": [
                [
                    0.0,
                    2.5,
                    5.0,
                    1.01456,
                    1
                ],
                [
                    10.0,
                    12.5,
                    5.0,
                    1.02032,
                    2
                ],
                [
                    15.0,
                    17.5,
                    5.0,
                    1.02322,
                    3
                ],
                [
                    20.0,
                    22.5,
                    5.0,
                    1.02612,
                    4
                ],
                [
                    25.0,
                    27.5,
                    5.0,
                    1.02903,
                    5
                ],
                [
                    30.0,
                    32.5,
                    5.0,
                    1.03195,
                    6
                ],
                [
                    35.0,
                    37.5,
                    5.0,
                    1.03488,
                    7
                ],
                [
                    40.0,
                    42.5,
                    5.0,
                    1.03782,
                    8
                ],
                [
                    45.0,
                    47.5,
                    5.0,
                    1.04077,
                    9
                ],
                [
                    50.0,
                    52.5,
                    5.0,
                    1.04372,
                    10
                ],
                [
                    55.0,
                    57.5,
                    5.0,
                    1.04668,
                    11
                ],
                [
                    60.0,
                    62.5,
                    5.0,
                    1.04965,
                    12
                ],
                [
                    65.0,
                    67.5,
                    5.0,
                    1.05263,
                    13
                ],
                [
                    70.0,
                    72.5,
                    5.0,
                    1.05562,
                    14
                ],
                [
                    75.0,
                    77.5,
                    5.0,
                    1.05861,
                    15
                ],
                [
                    80.0,
                    82.5,
                    5.0,
                    1.06162,
                    16
                ],
                [
                    87.733,
                    90.233,
                    5.0,
                    1.06584,
                    17
                ],
                [
                    96.867,
                    99.367,
                    5.0,
                    1.07129,
                    18
                ],
                [
                    105.583,
                    108.083,
                    5.0,
                    1.07677,
                    19
                ],
                [
                    114.217,
                    116.717,
                    5.0,
                    1.08227,
                    20
                ],
                [
                    123.4,
                    125.9,
                    5.0,
                    1.08781,
                    21
                ],
                [
                    131.95,
                    134.45,
                    5.0,
                    1.09275,
                    22
                ],
                [
                    141.117,
                    143.617,
                    5.0,
                    1.09896,
                    23
                ],
                [
                    150.217,
                    160.217,
                    20.0,
                    1.10928,
                    24
                ],
                [
                    170.217,
                    180.217,
                    20.0,
                    1.12193,
                    25
                ],
                [
                    190.217,
                    200.217,
                    20.0,
                    1.13472,
                    26
                ],
                [
                    210.217,
                    220.217,
                    20.0,
                    1.14765,
                    27
                ],
                [
                    230.217,
                    240.217,
                    20.0,
                    1.16073,
                    28
                ],
                [
                    250.217,
                    260.217,
                    20.0,
                    1.17397,
                    29
                ],
                [
                    270.217,
                    280.217,
                    20.0,
                    1.18735,
                    30
                ],
                [
                    290.217,
                    300.217,
                    20.0,
                    1.20088,
                    31
                ],
                [
                    310.217,
                    320.217,
                    20.0,
                    1.21457,
                    32
                ],
                [
                    330.217,
                    360.217,
                    60.0,
                    1.24237,
                    33
                ],
                [
                    390.217,
                    420.217,
                    60.0,
                    1.28534,
                    34
                ],
                [
                    450.217,
                    480.217,
                    60.0,
                    1.3298,
                    35
                ],
                [
                    510.217,
                    540.217,
                    60.0,
                    1.3758,
                    36
                ],
                [
                    570.217,
                    600.217,
                    60.0,
                    1.42339,
                    37
                ],
                [
                    630.217,
                    660.217,
                    60.0,
                    1.47263,
                    38
                ],
                [
                    690.217,
                    720.217,
                    60.0,
                    1.52357,
                    39
                ],
                [
                    750.217,
                    780.217,
                    60.0,
                    1.57627,
                    40
                ],
                [
                    810.217,
                    840.217,
                    60.0,
                    1.63079,
                    41
                ],
                [
                    870.217,
                    900.217,
                    60.0,
                    1.6872,
                    42
                ],
                [
                    930.217,
                    1080.217,
                    300.0,
                    1.86625,
                    43
                ],
                [
                    1230.217,
                    1380.217,
                    300.0,
                    2.21214,
                    44
                ],
                [
                    1530.217,
                    1680.217,
                    300.0,
                    2.62213,
                    45
                ],
                [
                    1830.217,
                    1980.217,
                    300.0,
                    3.10811,
                    46
                ],
                [
                    2130.217,
                    2280.217,
                    300.0,
                    3.68416,
                    47
                ],
                [
                    2430.217,
                    2580.217,
                    300.0,
                    4.36698,
                    48
                ],
                [
                    2730.217,
                    2880.217,
                    300.0,
                    5.17635,
                    49
                ],
                [
                    3030.217,
                    3180.217,
                    300.0,
                    6.13572,
                    50
                ],
                [
                    3330.217,
                    3480.217,
                    300.0,
                    7.2729,
                    51
                ]
            ]
        }
    },
    "ConversionSoftware": "dcm2niix",
    "ConversionSoftwareVersion": "v1.0.20180404 GCC4.4.7"
}