{
    "Modality": "MR",
    "MagneticFieldStrength": 3,
    "Manufacturer": "Siemens",
    "ManufacturersModelName": "TrioTim",
    "DeviceSerialNumber": "35248",
    "PatientPosition": "HFS",
    "SoftwareVersions": "syngo_MR_B17",
    "MRAcquisitionType": "3D",
    "SeriesDescription": "mIP_Images(SW)",
    "ScanningSequence": "GR",
    "SequenceVariant": "SP",
    "SequenceName": "swi3d1r",
    "ImageType": [
        "ORIGINAL",
        "PRIMARY",
        "MNIP",
        "ND",
        "NORM"
    ],
    "AcquisitionTime": "11:36:28.980000",
    "AcquisitionNumber": 1,
    "SliceThickness": 16,
    "SAR": 0.0190072,
    "EchoTime": 0.02,
    "RepetitionTime": 0.028,
    "FlipAngle": 15,
    "PartialFourier": 1,
    "BaseResolution": 256,
    "ShimSetting": [
        8661,
        9101,
        5054,
        347,
        -90,
        -261,
        46,
        42
    ],
    "TxRefAmp": 291.372,
    "PhaseResolution": 1,
    "ReceiveCoilName": "HeadMatrix",
    "PulseSequenceDetails": "%SiemensSeq%_gre",
    "PercentPhaseFOV": 75,
    "PhaseEncodingSteps": 189,
    "AcquisitionMatrixPE": 192,
    "ReconMatrixPE": 256,
    "ParallelReductionFactorInPlane": 4,
    "PixelBandwidth": 120,
    "DwellTime": 1.63e-05,
    "ImageOrientationPatientDICOM": [
        0.999109,
        0.00519208,
        -0.0418853,
        -0.00680071,
        0.999241,
        -0.038355
    ],
    "InPlanePhaseEncodingDirectionDICOM": "ROW",
    "ConversionSoftware": "dcm2niix",
    "ConversionSoftwareVersion": "v1.0.20171017 GCC4.4.7"
}