{
    "Modality": "PT",
    "Manufacturer": "SIEMENS",
    "ManufacturersModelName": "ECAT HRplus 962 PET scanner",
    "DeviceSerialNumber": "101006",
    "Tracer.Name": "FDG",
    "Tracer.Isotope": "F18",
    "Tracer.InjectionType": "Bolus",
    "Recon.MethodName": "Back projection reconstruction",
    "BodyPart": "HEAD",
    "AttenuationCorrection": "2D measured ",
    "Data.DecayCorrectionTime": "Start",
    "Dosage": "",
    "DosageUnits": "",
    "InjectedMass": "",
    "InjectedMassUnits": "",
    "SpecificRadioactivity": "",
    "InjectionTime": "",
    "InjectionStartUnits": "hh:mm:ss",
    "ScanStartTime": "",
    "ScanStartUnits": "hh:mm:ss",
    "Time": {
        "FrameTimes": {
            "Labels": [
                "frameStart",
                "frameMidtime",
                "frameDuration",
                "DecayCorrectionFactor",
                "frameIndex"
            ],
            "Units": [
                "s",
                "s",
                "s",
                "s",
                ""
            ],
            "Values": [
                [
                    0.0,
                    2.5,
                    5.0,
                    1.00494,
                    1
                ],
                [
                    5.0,
                    7.5,
                    5.0,
                    1.00547,
                    2
                ],
                [
                    10.0,
                    12.5,
                    5.0,
                    1.006,
                    3
                ],
                [
                    15.0,
                    17.5,
                    5.0,
                    1.00653,
                    4
                ],
                [
                    20.0,
                    22.5165,
                    5.033,
                    1.00706,
                    5
                ],
                [
                    25.033,
                    27.533,
                    5.0,
                    1.00759,
                    6
                ],
                [
                    30.033,
                    32.533,
                    5.0,
                    1.00812,
                    7
                ],
                [
                    35.033,
                    37.8495,
                    5.633,
                    1.00868,
                    8
                ],
                [
                    40.666,
                    43.166,
                    5.0,
                    1.00925,
                    9
                ],
                [
                    45.666,
                    48.199,
                    5.066,
                    1.00978,
                    10
                ],
                [
                    50.733,
                    53.233,
                    5.0,
                    1.01032,
                    11
                ],
                [
                    55.733,
                    58.233,
                    5.0,
                    1.01085,
                    12
                ],
                [
                    60.733,
                    63.233,
                    5.0,
                    1.01138,
                    13
                ],
                [
                    65.733,
                    68.233,
                    5.0,
                    1.01191,
                    14
                ],
                [
                    70.733,
                    73.233,
                    5.0,
                    1.01245,
                    15
                ],
                [
                    75.733,
                    78.233,
                    5.0,
                    1.01298,
                    16
                ],
                [
                    80.733,
                    83.233,
                    5.0,
                    1.01351,
                    17
                ],
                [
                    85.733,
                    88.233,
                    5.0,
                    1.01405,
                    18
                ],
                [
                    90.733,
                    93.233,
                    5.0,
                    1.01458,
                    19
                ],
                [
                    95.733,
                    98.233,
                    5.0,
                    1.01511,
                    20
                ],
                [
                    100.733,
                    103.233,
                    5.0,
                    1.01565,
                    21
                ],
                [
                    105.733,
                    108.233,
                    5.0,
                    1.01618,
                    22
                ],
                [
                    110.733,
                    113.233,
                    5.0,
                    1.01672,
                    23
                ],
                [
                    115.733,
                    118.233,
                    5.0,
                    1.01725,
                    24
                ],
                [
                    120.733,
                    130.733,
                    20.0,
                    1.01859,
                    25
                ],
                [
                    140.733,
                    150.733,
                    20.0,
                    1.02074,
                    26
                ],
                [
                    160.733,
                    170.733,
                    20.0,
                    1.02289,
                    27
                ],
                [
                    180.733,
                    190.733,
                    20.0,
                    1.02504,
                    28
                ],
                [
                    200.733,
                    210.733,
                    20.0,
                    1.0272,
                    29
                ],
                [
                    220.733,
                    230.733,
                    20.0,
                    1.02937,
                    30
                ],
                [
                    240.733,
                    250.733,
                    20.0,
                    1.03154,
                    31
                ],
                [
                    260.733,
                    270.733,
                    20.0,
                    1.03371,
                    32
                ],
                [
                    280.733,
                    290.733,
                    20.0,
                    1.03589,
                    33
                ],
                [
                    300.733,
                    330.733,
                    60.0,
                    1.04026,
                    34
                ],
                [
                    360.733,
                    390.733,
                    60.0,
                    1.04685,
                    35
                ],
                [
                    420.733,
                    450.733,
                    60.0,
                    1.05348,
                    36
                ],
                [
                    480.733,
                    510.733,
                    60.0,
                    1.06015,
                    37
                ],
                [
                    540.733,
                    570.733,
                    60.0,
                    1.06687,
                    38
                ],
                [
                    600.733,
                    630.733,
                    60.0,
                    1.07362,
                    39
                ],
                [
                    660.733,
                    690.733,
                    60.0,
                    1.08043,
                    40
                ],
                [
                    720.733,
                    750.733,
                    60.0,
                    1.08727,
                    41
                ],
                [
                    780.733,
                    810.733,
                    60.0,
                    1.09416,
                    42
                ],
                [
                    840.733,
                    870.733,
                    60.0,
                    1.10109,
                    43
                ],
                [
                    900.733,
                    1050.733,
                    300.0,
                    1.1221,
                    44
                ],
                [
                    1200.73,
                    1350.73,
                    300.0,
                    1.15809,
                    45
                ],
                [
                    1500.73,
                    1650.73,
                    300.0,
                    1.19524,
                    46
                ],
                [
                    1800.73,
                    1950.73,
                    300.0,
                    1.23358,
                    47
                ],
                [
                    2100.73,
                    2250.73,
                    300.0,
                    1.27315,
                    48
                ],
                [
                    2400.73,
                    2550.73,
                    300.0,
                    1.31399,
                    49
                ],
                [
                    2700.73,
                    2850.73,
                    300.0,
                    1.35613,
                    50
                ],
                [
                    3000.73,
                    3150.73,
                    300.0,
                    1.39963,
                    51
                ],
                [
                    3300.73,
                    3450.73,
                    300.0,
                    1.44453,
                    52
                ]
            ]
        }
    },
    "ConversionSoftware": "dcm2niix",
    "ConversionSoftwareVersion": "v1.0.20180404 GCC4.4.7"
}