{
    "Modality": "CT",
    "Manufacturer": "Siemens",
    "ManufacturersModelName": "Biograph_40",
    "DeviceSerialNumber": "1003",
    "BodyPartExamined": "HEAD",
    "PatientPosition": "HFS",
    "SoftwareVersions": "syngo_CT_2006A",
    "SeriesDescription": "AC_CT",
    "ImageType": [
        "ORIGINAL",
        "PRIMARY",
        "AXIAL",
        "CT",
        "SOM5",
        "SPI"
    ],
    "AcquisitionTime": "13:36:8.397720",
    "AcquisitionNumber": 2,
    "XRayExposure": 22,
    "ReconMatrixPE": 512,
    "ImageOrientationPatientDICOM": [
        1,
        0,
        0,
        0,
        1,
        0
    ],
    "ConversionSoftware": "dcm2niix",
    "ConversionSoftwareVersion": "v1.0.20181125  GCC4.8.2"
}