{
    "Modality": "MR",
    "MagneticFieldStrength": 3,
    "Manufacturer": "Siemens",
    "ManufacturersModelName": "Biograph_mMR",
    "DeviceSerialNumber": "51010",
    "PatientPosition": "HFS",
    "SoftwareVersions": "syngo_MR_B18P",
    "MRAcquisitionType": "2D",
    "SeriesDescription": "Axial_T2_TSE_with_Fat_Sat",
    "ScanningSequence": "SE",
    "SequenceVariant": "SK_SP_OSP",
    "ScanOptions": "FS",
    "SequenceName": "_tse2d1_15",
    "ImageType": [
        "ORIGINAL",
        "PRIMARY",
        "M",
        "NORM",
        "DIS2D"
    ],
    "AcquisitionTime": "14:13:48.355000",
    "AcquisitionNumber": 1,
    "SliceThickness": 4,
    "SpacingBetweenSlices": 4,
    "SAR": 0.138081,
    "EchoTime": 0.089,
    "RepetitionTime": 4,
    "FlipAngle": 150,
    "PartialFourier": 1,
    "BaseResolution": 256,
    "ShimSetting": [
        -6897,
        14425,
        -5842,
        34,
        120,
        227,
        626,
        -161
    ],
    "TxRefAmp": 337.325,
    "PhaseResolution": 1,
    "ReceiveCoilName": "HeadNeck_MRPET",
    "PulseSequenceDetails": "%SiemensSeq%_tse",
    "PercentPhaseFOV": 89.0625,
    "EchoTrainLength": 15,
    "PhaseEncodingSteps": 240,
    "AcquisitionMatrixPE": 228,
    "ReconMatrixPE": 256,
    "PixelBandwidth": 186,
    "DwellTime": 1.05e-05,
    "PhaseEncodingDirection": "i",
    "ImageOrientationPatientDICOM": [
        1,
        3.08726e-05,
        0.000194978,
        2.04565e-10,
        0.987695,
        -0.156391
    ],
    "InPlanePhaseEncodingDirectionDICOM": "ROW",
    "ConversionSoftware": "dcm2niix",
    "ConversionSoftwareVersion": "v1.0.20171017 GCC4.4.7"
}