{
    "Modality": "MR",
    "MagneticFieldStrength": 3,
    "ImagingFrequency": 123.25,
    "Manufacturer": "Siemens",
    "ManufacturersModelName": "MAGNETOM_Vida",
    "DeviceSerialNumber": "175614",
    "BodyPartExamined": "BRAIN",
    "PatientPosition": "HFS",
    "SoftwareVersions": "syngo_MR_XA11",
    "MRAcquisitionType": "2D",
    "SeriesDescription": "TRA_EPI_T2_STAR",
    "SequenceVariant": "SK",
    "ImageType": [
        "ORIGINAL",
        "PRIMARY",
        "PERFUSION",
        "NONE"
    ],
    "AcquisitionTime": "12:55:45.750000",
    "AcquisitionNumber": 1,
    "SliceThickness": 4,
    "SpacingBetweenSlices": 4,
    "EchoTime": 0.045,
    "RepetitionTime": 2.37,
    "FlipAngle": 90,
    "ReceiveCoilActiveElements": "HE1-4;NE2",
    "CoilString": "HeadNeck_20_TCS",
    "PartialFourier": 0.859375,
    "PercentPhaseFOV": 100,
    "EchoTrainLength": 55,
    "AcquisitionMatrixPE": 128,
    "ReconMatrixPE": 128,
    "BandwidthPerPixelPhaseEncode": 16.276,
    "ParallelReductionFactorInPlane": 2,
    "EffectiveEchoSpacing": 0.000480001,
    "DerivedVendorReportedEchoSpacing": 0.000960003,
    "TotalReadoutTime": 0.0609602,
    "PixelBandwidth": 1347,
    "PhaseEncodingDirection": "j-",
    "SliceTiming": [
        0.00948,
        0,
        0.0095875,
        0.0001075,
        0.009695,
        0.000215,
        0.0098025,
        0.0003225,
        0.00991,
        0.00043,
        0.0100175,
        0.0005375,
        0.0101275,
        0.0006475,
        0.010235,
        0.000755,
        0.0103425,
        0.0008625,
        0.01045,
        0.00097,
        0.0105575,
        0.0010775,
        0.010665,
        0.001185,
        0.0107725,
        0.0012925,
        0.01088,
        0.0014,
        0.0109875,
        0.0015075,
        0.011095,
        0.001615,
        0.0112025,
        0.0017225,
        0.01131,
        0.00183,
        0.01142,
        0.00194,
        0.0115275,
        0.0020475,
        0.011635,
        0.002155,
        0.0117425,
        0.0022625
    ],
    "ImageOrientationPatientDICOM": [
        1,
        0,
        0,
        0,
        1,
        0
    ],
    "InPlanePhaseEncodingDirectionDICOM": "COL",
    "ConversionSoftware": "dcm2niix",
    "ConversionSoftwareVersion": "v1.0.20181125  GCC4.8.2"
}