{
    "Modality": "MR",
    "MagneticFieldStrength": 3,
    "ImagingFrequency": 123.209,
    "Manufacturer": "Siemens",
    "ManufacturersModelName": "Biograph_mMR",
    "DeviceSerialNumber": "51010",
    "BodyPartExamined": "BRAIN",
    "PatientPosition": "HFS",
    "SoftwareVersions": "syngo_MR_E11",
    "MRAcquisitionType": "2D",
    "SeriesDescription": "Head_Axial_T2-FLAIR",
    "ScanningSequence": "SE_IR",
    "SequenceVariant": "SK_SP_MP",
    "ScanOptions": "IR",
    "SequenceName": "_tir2d1_18",
    "ImageType": [
        "ORIGINAL",
        "PRIMARY",
        "M",
        "NORM",
        "DIS2D"
    ],
    "AcquisitionTime": "14:59:48.942500",
    "AcquisitionNumber": 1,
    "SliceThickness": 5,
    "SpacingBetweenSlices": 5,
    "SAR": 0.426879,
    "EchoTime": 0.091,
    "RepetitionTime": 9,
    "InversionTime": 2.5,
    "FlipAngle": 150,
    "PartialFourier": 1,
    "BaseResolution": 256,
    "ShimSetting": [
        -6839,
        14609,
        -5619,
        -72,
        229,
        -165,
        1153,
        -411
    ],
    "TxRefAmp": 406.821,
    "PhaseResolution": 1,
    "ReceiveCoilName": "HeadNeck_MRPET",
    "ReceiveCoilActiveElements": "HEA;HEP;NEP",
    "PulseSequenceDetails": "%SiemensSeq%_tse",
    "ConsistencyInfo": "N4_VE11P_LATEST_20161021",
    "PercentPhaseFOV": 100,
    "EchoTrainLength": 18,
    "PhaseEncodingSteps": 255,
    "AcquisitionMatrixPE": 256,
    "ReconMatrixPE": 256,
    "ParallelReductionFactorInPlane": 2,
    "PixelBandwidth": 220,
    "DwellTime": 8.8e-06,
    "PhaseEncodingDirection": "i",
    "ImageOrientationPatientDICOM": [
        1,
        4.897e-12,
        0,
        -4.897e-12,
        1,
        0
    ],
    "InPlanePhaseEncodingDirectionDICOM": "ROW",
    "ConversionSoftware": "dcm2niix",
    "ConversionSoftwareVersion": "v1.0.20181125  GCC4.8.2"
}