{
    "Modality": "PT",
    "Manufacturer": "SIEMENS",
    "ManufacturersModelName": "ECAT HRplus 962 PET scanner",
    "DeviceSerialNumber": "101006",
    "Tracer.Name": "FDG",
    "Tracer.Isotope": "F18",
    "Tracer.InjectionType": "Bolus",
    "Recon.MethodName": "Back projection reconstruction",
    "BodyPart": "HEAD",
    "AttenuationCorrection": "2D measured ",
    "Data.DecayCorrectionTime": "Start",
    "Dosage": "",
    "DosageUnits": "",
    "InjectedMass": "",
    "InjectedMassUnits": "",
    "SpecificRadioactivity": "",
    "InjectionTime": "",
    "InjectionStartUnits": "hh:mm:ss",
    "ScanStartTime": "",
    "ScanStartUnits": "hh:mm:ss",
    "Time": {
        "FrameTimes": {
            "Labels": [
                "frameStart",
                "frameMidtime",
                "frameDuration",
                "DecayCorrectionFactor",
                "frameIndex"
            ],
            "Units": [
                "s",
                "s",
                "s",
                "s",
                ""
            ],
            "Values": [
                [
                    0.0,
                    2.5,
                    5.0,
                    1.00079,
                    1
                ],
                [
                    5.0,
                    7.5,
                    5.0,
                    1.00132,
                    2
                ],
                [
                    10.0,
                    12.5,
                    5.0,
                    1.00184,
                    3
                ],
                [
                    15.0,
                    17.5,
                    5.0,
                    1.00237,
                    4
                ],
                [
                    20.0,
                    22.5,
                    5.0,
                    1.0029,
                    5
                ],
                [
                    25.0,
                    27.5,
                    5.0,
                    1.00343,
                    6
                ],
                [
                    30.0,
                    32.5,
                    5.0,
                    1.00395,
                    7
                ],
                [
                    35.0,
                    37.5,
                    5.0,
                    1.00448,
                    8
                ],
                [
                    40.0,
                    42.5,
                    5.0,
                    1.00501,
                    9
                ],
                [
                    45.0,
                    47.5,
                    5.0,
                    1.00554,
                    10
                ],
                [
                    50.0,
                    52.5,
                    5.0,
                    1.00607,
                    11
                ],
                [
                    55.0,
                    57.5,
                    5.0,
                    1.0066,
                    12
                ],
                [
                    60.0,
                    62.5,
                    5.0,
                    1.00713,
                    13
                ],
                [
                    65.0,
                    67.5,
                    5.0,
                    1.00766,
                    14
                ],
                [
                    70.0,
                    72.5,
                    5.0,
                    1.00819,
                    15
                ],
                [
                    75.0,
                    77.5,
                    5.0,
                    1.00872,
                    16
                ],
                [
                    80.0,
                    82.5,
                    5.0,
                    1.00925,
                    17
                ],
                [
                    85.0,
                    87.5,
                    5.0,
                    1.00978,
                    18
                ],
                [
                    90.0,
                    92.5,
                    5.0,
                    1.01031,
                    19
                ],
                [
                    95.0,
                    97.5,
                    5.0,
                    1.01085,
                    20
                ],
                [
                    100.0,
                    102.5,
                    5.0,
                    1.01138,
                    21
                ],
                [
                    105.0,
                    107.5,
                    5.0,
                    1.01191,
                    22
                ],
                [
                    110.0,
                    112.5,
                    5.0,
                    1.01244,
                    23
                ],
                [
                    115.0,
                    117.5,
                    5.0,
                    1.01298,
                    24
                ],
                [
                    120.0,
                    130.0,
                    20.0,
                    1.01431,
                    25
                ],
                [
                    140.0,
                    150.0,
                    20.0,
                    1.01645,
                    26
                ],
                [
                    160.0,
                    170.0,
                    20.0,
                    1.01859,
                    27
                ],
                [
                    180.0,
                    190.0,
                    20.0,
                    1.02073,
                    28
                ],
                [
                    200.0,
                    210.0,
                    20.0,
                    1.02288,
                    29
                ],
                [
                    220.0,
                    230.0,
                    20.0,
                    1.02504,
                    30
                ],
                [
                    240.0,
                    250.0,
                    20.0,
                    1.0272,
                    31
                ],
                [
                    260.0,
                    270.0,
                    20.0,
                    1.02936,
                    32
                ],
                [
                    280.0,
                    290.0,
                    20.0,
                    1.03153,
                    33
                ],
                [
                    300.0,
                    330.0,
                    60.0,
                    1.03588,
                    34
                ],
                [
                    360.0,
                    390.0,
                    60.0,
                    1.04245,
                    35
                ],
                [
                    420.0,
                    450.0,
                    60.0,
                    1.04905,
                    36
                ],
                [
                    480.0,
                    510.0,
                    60.0,
                    1.05569,
                    37
                ],
                [
                    540.0,
                    570.0,
                    60.0,
                    1.06238,
                    38
                ],
                [
                    600.0,
                    630.0,
                    60.0,
                    1.06911,
                    39
                ],
                [
                    660.0,
                    690.0,
                    60.0,
                    1.07588,
                    40
                ],
                [
                    720.0,
                    750.0,
                    60.0,
                    1.0827,
                    41
                ],
                [
                    780.0,
                    810.0,
                    60.0,
                    1.08956,
                    42
                ],
                [
                    840.0,
                    870.0,
                    60.0,
                    1.09646,
                    43
                ],
                [
                    900.0,
                    1050.0,
                    300.0,
                    1.11738,
                    44
                ],
                [
                    1200.0,
                    1350.0,
                    300.0,
                    1.15322,
                    45
                ],
                [
                    1500.0,
                    1650.0,
                    300.0,
                    1.19022,
                    46
                ],
                [
                    1800.0,
                    1950.0,
                    300.0,
                    1.22839,
                    47
                ],
                [
                    2100.0,
                    2250.0,
                    300.0,
                    1.2678,
                    48
                ],
                [
                    2400.0,
                    2550.0,
                    300.0,
                    1.30846,
                    49
                ],
                [
                    2700.0,
                    2850.0,
                    300.0,
                    1.35043,
                    50
                ],
                [
                    3000.0,
                    3150.0,
                    300.0,
                    1.39375,
                    51
                ],
                [
                    3300.0,
                    3450.0,
                    300.0,
                    1.43846,
                    52
                ]
            ]
        }
    },
    "ConversionSoftware": "dcm2niix",
    "ConversionSoftwareVersion": "v1.0.20180404 GCC4.4.7"
}