{
    "Modality": "MR",
    "MagneticFieldStrength": 3,
    "ImagingFrequency": 123.25,
    "Manufacturer": "Siemens",
    "ManufacturersModelName": "MAGNETOM_Vida",
    "DeviceSerialNumber": "175614",
    "BodyPartExamined": "BRAIN",
    "PatientPosition": "HFS",
    "SoftwareVersions": "syngo_MR_XA11",
    "MRAcquisitionType": "3D",
    "SeriesDescription": "Accelerated_Sagittal_MPRAGE",
    "SequenceVariant": "SK_SP_MP",
    "ImageType": [
        "ORIGINAL",
        "PRIMARY",
        "M",
        "NONE"
    ],
    "AcquisitionTime": "11:40:24.185000",
    "AcquisitionNumber": 1,
    "SliceThickness": 1.2,
    "EchoTime": 0.00295,
    "RepetitionTime": 2.3,
    "FlipAngle": 9,
    "ReceiveCoilActiveElements": "HC1-7;NC1_2",
    "CoilString": "HeadNeck_64_CS",
    "PercentPhaseFOV": 93.75,
    "AcquisitionMatrixPE": 240,
    "ReconMatrixPE": 256,
    "PixelBandwidth": 238,
    "ImageOrientationPatientDICOM": [
        0,
        1,
        0,
        0,
        0,
        -1
    ],
    "InPlanePhaseEncodingDirectionDICOM": "ROW",
    "ConversionSoftware": "dcm2niix",
    "ConversionSoftwareVersion": "v1.0.20181125  GCC4.8.2"
}