{
    "Modality": "MR",
    "MagneticFieldStrength": 3,
    "ImagingFrequency": 123.25,
    "Manufacturer": "Siemens",
    "ManufacturersModelName": "MAGNETOM_Vida",
    "DeviceSerialNumber": "175614",
    "BodyPartExamined": "BRAIN",
    "PatientPosition": "HFS",
    "SoftwareVersions": "syngo_MR_XA11",
    "MRAcquisitionType": "3D",
    "SeriesDescription": "t1_mprage_sag",
    "SequenceVariant": "SK_SP_MP",
    "ImageType": [
        "ORIGINAL",
        "PRIMARY",
        "M",
        "NONE"
    ],
    "AcquisitionTime": "12:00:24.187500",
    "AcquisitionNumber": 1,
    "SliceThickness": 1,
    "EchoTime": 0.00275,
    "RepetitionTime": 2.4,
    "FlipAngle": 8,
    "ReceiveCoilActiveElements": "HE1-4;NE1_2",
    "CoilString": "HeadNeck_20_TCS",
    "PercentPhaseFOV": 94.5312,
    "AcquisitionMatrixPE": 242,
    "ReconMatrixPE": 256,
    "PixelBandwidth": 407,
    "ImageOrientationPatientDICOM": [
        -0.0248218,
        0.994854,
        0.0982334,
        0.0276847,
        0.0989101,
        -0.994711
    ],
    "InPlanePhaseEncodingDirectionDICOM": "ROW",
    "ConversionSoftware": "dcm2niix",
    "ConversionSoftwareVersion": "v1.0.20181125  GCC4.8.2"
}