{
    "Modality": "MR",
    "MagneticFieldStrength": 3,
    "Manufacturer": "Siemens",
    "ManufacturersModelName": "Biograph_mMR",
    "DeviceSerialNumber": "51010",
    "PatientPosition": "HFS",
    "SoftwareVersions": "syngo_MR_B18P",
    "MRAcquisitionType": "2D",
    "SeriesDescription": "Axial_T2_TSE_with_Fat_Sat",
    "ScanningSequence": "SE",
    "SequenceVariant": "SK_SP_OSP",
    "ScanOptions": "FS",
    "SequenceName": "_tse2d1_15",
    "ImageType": [
        "ORIGINAL",
        "PRIMARY",
        "M",
        "NORM",
        "DIS2D"
    ],
    "AcquisitionTime": "11:39:7.815000",
    "AcquisitionNumber": 1,
    "SliceThickness": 4,
    "SpacingBetweenSlices": 4,
    "SAR": 0.156006,
    "EchoTime": 0.089,
    "RepetitionTime": 4,
    "FlipAngle": 150,
    "PartialFourier": 1,
    "BaseResolution": 256,
    "ShimSetting": [
        -6863,
        14392,
        -5855,
        -27,
        -105,
        164,
        530,
        -210
    ],
    "TxRefAmp": 324.298,
    "PhaseResolution": 1,
    "ReceiveCoilName": "HeadNeck_MRPET",
    "PulseSequenceDetails": "%SiemensSeq%_tse",
    "PercentPhaseFOV": 89.0625,
    "EchoTrainLength": 15,
    "PhaseEncodingSteps": 240,
    "AcquisitionMatrixPE": 228,
    "ReconMatrixPE": 256,
    "PixelBandwidth": 186,
    "DwellTime": 1.05e-05,
    "PhaseEncodingDirection": "i",
    "ImageOrientationPatientDICOM": [
        1,
        -2.05103e-10,
        0,
        2.05103e-10,
        1,
        0
    ],
    "InPlanePhaseEncodingDirectionDICOM": "ROW",
    "ConversionSoftware": "dcm2niix",
    "ConversionSoftwareVersion": "v1.0.20171017 GCC4.4.7"
}