{
    "Modality": "MR",
    "MagneticFieldStrength": 3,
    "ImagingFrequency": 123.25,
    "Manufacturer": "Siemens",
    "ManufacturersModelName": "MAGNETOM_Vida",
    "DeviceSerialNumber": "175614",
    "BodyPartExamined": "BRAIN",
    "PatientPosition": "HFS",
    "SoftwareVersions": "syngo_MR_XA11",
    "MRAcquisitionType": "2D",
    "SeriesDescription": "TRA_EPI_T2_STAR",
    "SequenceVariant": "SK",
    "ImageType": [
        "ORIGINAL",
        "PRIMARY",
        "PERFUSION",
        "NONE"
    ],
    "AcquisitionTime": "11:39:57.727500",
    "AcquisitionNumber": 1,
    "SliceThickness": 4,
    "SpacingBetweenSlices": 4,
    "EchoTime": 0.045,
    "RepetitionTime": 2.25,
    "FlipAngle": 90,
    "ReceiveCoilActiveElements": "HC1-7;NC1",
    "CoilString": "HeadNeck_64_CS",
    "PartialFourier": 0.859375,
    "PercentPhaseFOV": 100,
    "EchoTrainLength": 55,
    "AcquisitionMatrixPE": 128,
    "ReconMatrixPE": 128,
    "BandwidthPerPixelPhaseEncode": 16.276,
    "ParallelReductionFactorInPlane": 2,
    "EffectiveEchoSpacing": 0.000480001,
    "DerivedVendorReportedEchoSpacing": 0.000960003,
    "TotalReadoutTime": 0.0609602,
    "PixelBandwidth": 1347,
    "PhaseEncodingDirection": "j-",
    "SliceTiming": [
        0.009,
        0,
        0.0091025,
        0.0001025,
        0.009205,
        0.000205,
        0.0093075,
        0.0003075,
        0.00941,
        0.00041,
        0.0095125,
        0.0005125,
        0.009615,
        0.000615,
        0.0097175,
        0.0007175,
        0.00982,
        0.00082,
        0.0099225,
        0.0009225,
        0.010025,
        0.001025,
        0.010125,
        0.001125,
        0.0102275,
        0.0012275,
        0.01033,
        0.00133,
        0.0104325,
        0.0014325,
        0.010535,
        0.001535,
        0.0106375,
        0.0016375,
        0.01074,
        0.00174,
        0.0108425,
        0.0018425,
        0.010945,
        0.001945,
        0.0110475,
        0.0020475,
        0.01115,
        0.00215
    ],
    "ImageOrientationPatientDICOM": [
        1,
        0,
        0,
        0,
        1,
        0
    ],
    "InPlanePhaseEncodingDirectionDICOM": "COL",
    "ConversionSoftware": "dcm2niix",
    "ConversionSoftwareVersion": "v1.0.20181125  GCC4.8.2"
}