{
    "InPlanePhaseEncodingDirectionDICOM": "ROW", 
    "DeviceSerialNumber": "21926", 
    "AcquisitionMatrixPE": 192, 
    "ImageOrientationPatientDICOM": [
        0.99728799999999995, 
        0.014082000000000001, 
        -0.0722415, 
        9.6508600000000004e-11, 
        0.98152600000000001, 
        0.191328
    ], 
    "ManufacturersModelName": "Sonata", 
    "PhaseEncodingDirection": "i", 
    "RepetitionTime": 6, 
    "PhaseEncodingSteps": 196, 
    "MRAcquisitionType": "2D", 
    "SliceThickness": 5, 
    "AcquisitionNumber": 1, 
    "TxRefAmp": 326.14100000000002, 
    "EchoTrainLength": 7, 
    "SAR": 0.13759299999999999, 
    "PulseSequenceDetails": "%SiemensSeq%_tse", 
    "ScanningSequence": "SE", 
    "Manufacturer": "Siemens", 
    "ConversionSoftware": "dcm2niix", 
    "PercentPhaseFOV": 75, 
    "ReconMatrixPE": 256, 
    "FlipAngle": 150, 
    "ConversionSoftwareVersion": "v1.0.20171017 GCC4.4.7", 
    "SeriesDescription": "t2_tse_tra", 
    "PartialFourier": 1, 
    "ShimSetting": [
        -5, 
        28, 
        43, 
        202, 
        243, 
        -888, 
        283, 
        229
    ], 
    "AcquisitionTime": "08:40:30.502500", 
    "SequenceName": "_tse2d2_7", 
    "MagneticFieldStrength": 1.5, 
    "SpacingBetweenSlices": 5, 
    "ImageType": [
        "ORIGINAL", 
        "PRIMARY", 
        "M", 
        "ND"
    ], 
    "ReceiveCoilName": "CP_HeadArray", 
    "EchoTime": 0.014999999999999999, 
    "SequenceVariant": "SK_SP_OSP", 
    "PhaseResolution": 1, 
    "BaseResolution": 256, 
    "PixelBandwidth": 100, 
    "SoftwareVersions": "syngo_MR_2004A_4VA25A", 
    "Modality": "MR", 
    "PatientPosition": "HFS"
}