{
    "Modality": "PET",
    "Manufacturer": "Siemens",
    "ManufacturersModelName": "BioGraph mMR PET",
    "DeviceSerialNumber": "51010",
    "Unit": "BQML",
    "InstitutionName": "Mallinckrodt Institute of Radiology and Knight Alzheimer's Disease Research Center at Washington University in St. Louis",
    "BodyPart": "Brain",
    "TracerName": "AV45",
    "TracerRadionuclide": "F18",
    "InjectedRadioactivity": 9.6,
    "InjectedRadioactivityUnit": "mCi",
    "InjectedMass": "n/a",
    "InjectedMassUnit": "n/a",
    "SpecificRadioactivity": "n/a",
    "SpecificRadioactivityUnit": "n/a",
    "ModeOfAdministration": "bolus",
    "TimeZero": "13:12:02",
    "TimeZeroUnit": "hh:mm:ss",
    "InjectionStart": "13:12:02",
    "InjectionStartUnit": "hh:mm:ss",
    "ScanStart": "13:12:02",
    "ScanStartUnit": "hh:mm:ss",
    "FrameTimes": {
        "FrameTimes": {
            "Labels": [
                "frameStart",
                "frameMidtime",
                "frameDuration",
                "DecayCorrectionFactor",
                "frameIndex"
            ],
            "Units": [
                "s",
                "s",
                "s",
                "s",
                ""
            ],
            "Values": [
                [
                    0.0,
                    7.5,
                    15.0,
                    1.00079,
                    1
                ],
                [
                    15.0,
                    22.5,
                    15.0,
                    1.00237,
                    2
                ],
                [
                    30.0,
                    37.5,
                    15.0,
                    1.00395,
                    3
                ],
                [
                    45.0,
                    52.5,
                    15.0,
                    1.00554,
                    4
                ],
                [
                    60.0,
                    75.0,
                    30.0,
                    1.00792,
                    5
                ],
                [
                    90.0,
                    105.0,
                    30.0,
                    1.01111,
                    6
                ],
                [
                    120.0,
                    135.0,
                    30.0,
                    1.01431,
                    7
                ],
                [
                    150.0,
                    165.0,
                    30.0,
                    1.01752,
                    8
                ],
                [
                    180.0,
                    210.0,
                    60.0,
                    1.02235,
                    9
                ],
                [
                    240.0,
                    270.0,
                    60.0,
                    1.02882,
                    10
                ],
                [
                    300.0,
                    330.0,
                    60.0,
                    1.03534,
                    11
                ],
                [
                    360.0,
                    420.0,
                    120.0,
                    1.04519,
                    12
                ],
                [
                    480.0,
                    540.0,
                    120.0,
                    1.05847,
                    13
                ],
                [
                    600.0,
                    660.0,
                    120.0,
                    1.07192,
                    14
                ],
                [
                    720.0,
                    840.0,
                    240.0,
                    1.0924,
                    15
                ],
                [
                    960.0,
                    1080.0,
                    240.0,
                    1.12034,
                    16
                ],
                [
                    1200.0,
                    1350.0,
                    300.0,
                    1.15262,
                    17
                ],
                [
                    1500.0,
                    1650.0,
                    300.0,
                    1.18959,
                    18
                ],
                [
                    1800.0,
                    1950.0,
                    300.0,
                    1.22775,
                    19
                ],
                [
                    2100.0,
                    2250.0,
                    300.0,
                    1.26713,
                    20
                ],
                [
                    2400.0,
                    2550.0,
                    300.0,
                    1.30777,
                    21
                ],
                [
                    2700.0,
                    2850.0,
                    300.0,
                    1.34972,
                    22
                ],
                [
                    3000.0,
                    3150.0,
                    300.0,
                    1.39302,
                    23
                ],
                [
                    3300.0,
                    3450.0,
                    300.0,
                    1.4377,
                    24
                ],
                [
                    3600.0,
                    3750.0,
                    300.0,
                    1.48382,
                    25
                ],
                [
                    3900.0,
                    4050.0,
                    300.0,
                    1.53141,
                    26
                ]
            ]
        }
    },
    "AcquisitionMode": "n/a",
    "ImageDecayCorrected": "true",
    "ImageDecayCorrectionTime": "START",
    "ReconMethodName": "OP-OSEM",
    "ReconMethodParameterLabels": [
        "subsets",
        "iterations"
    ],
    "ReconMethodParameterUnit": [
        "none",
        "none"
    ],
    "ReconMethodParameterValues": [
        "21",
        "3"
    ],
    "ReconFilterType": "n/a",
    "ReconFilterSize": "n/a",
    "AttenuationCorrection": "measured",
    "ConversionSoftware": "dcm2niix",
    "ConversionSoftwareVersion": "v1.0.20181125  GCC4.8.2"
}