{
    "Modality": "PT",
    "Manufacturer": "SIEMENS",
    "ManufacturersModelName": "ECAT HRplus 962 PET scanner",
    "DeviceSerialNumber": "101006",
    "Tracer.Name": "PIB",
    "Tracer.Isotope": "C11",
    "Tracer.InjectionType": "Bolus",
    "Recon.MethodName": "Back projection reconstruction",
    "BodyPart": "HEAD",
    "AttenuationCorrection": "2D measured ",
    "Data.DecayCorrectionTime": "Start",
    "Dosage": 16.3,
    "DosageUnits": "mCi",
    "InjectedMass": "",
    "InjectedMassUnits": "",
    "SpecificRadioactivity": 1510.0,
    "InjectionTime": "",
    "InjectionStartUnits": "hh:mm:ss",
    "ScanStartTime": "",
    "ScanStartUnits": "hh:mm:ss",
    "Time": {
        "FrameTimes": {
            "Labels": [
                "frameStart",
                "frameMidtime",
                "frameDuration",
                "DecayCorrectionFactor",
                "frameIndex"
            ],
            "Units": [
                "s",
                "s",
                "s",
                "s",
                ""
            ],
            "Values": [
                [
                    0.0,
                    2.5,
                    5.0,
                    1.00369,
                    1
                ],
                [
                    5.0,
                    7.5,
                    5.0,
                    1.00654,
                    2
                ],
                [
                    15.0,
                    17.5,
                    5.0,
                    1.01226,
                    3
                ],
                [
                    20.0,
                    22.5,
                    5.0,
                    1.01513,
                    4
                ],
                [
                    25.0,
                    27.5,
                    5.0,
                    1.01801,
                    5
                ],
                [
                    30.0,
                    32.5,
                    5.0,
                    1.0209,
                    6
                ],
                [
                    35.0,
                    37.5,
                    5.0,
                    1.0238,
                    7
                ],
                [
                    40.0,
                    42.5,
                    5.0,
                    1.0267,
                    8
                ],
                [
                    45.0,
                    47.5,
                    5.0,
                    1.02962,
                    9
                ],
                [
                    50.0,
                    52.5,
                    5.0,
                    1.03254,
                    10
                ],
                [
                    55.0,
                    57.5,
                    5.0,
                    1.03547,
                    11
                ],
                [
                    60.0,
                    62.5,
                    5.0,
                    1.03841,
                    12
                ],
                [
                    65.0,
                    67.5,
                    5.0,
                    1.04136,
                    13
                ],
                [
                    70.0,
                    72.5,
                    5.0,
                    1.04431,
                    14
                ],
                [
                    75.0,
                    77.5,
                    5.0,
                    1.04727,
                    15
                ],
                [
                    80.0,
                    82.5,
                    5.0,
                    1.05025,
                    16
                ],
                [
                    85.0,
                    87.5,
                    5.0,
                    1.05323,
                    17
                ],
                [
                    90.0,
                    92.5,
                    5.0,
                    1.05622,
                    18
                ],
                [
                    95.0,
                    97.5,
                    5.0,
                    1.05921,
                    19
                ],
                [
                    100.0,
                    102.5,
                    5.0,
                    1.06222,
                    20
                ],
                [
                    105.0,
                    107.5,
                    5.0,
                    1.06523,
                    21
                ],
                [
                    110.0,
                    112.5,
                    5.0,
                    1.06826,
                    22
                ],
                [
                    115.0,
                    117.5,
                    5.0,
                    1.07129,
                    23
                ],
                [
                    120.267,
                    122.767,
                    5.0,
                    1.07494,
                    24
                ],
                [
                    126.483,
                    136.483,
                    20.0,
                    1.08319,
                    25
                ],
                [
                    146.483,
                    156.483,
                    20.0,
                    1.09554,
                    26
                ],
                [
                    166.483,
                    176.483,
                    20.0,
                    1.10802,
                    27
                ],
                [
                    186.483,
                    196.483,
                    20.0,
                    1.12066,
                    28
                ],
                [
                    206.483,
                    216.483,
                    20.0,
                    1.13343,
                    29
                ],
                [
                    226.483,
                    236.483,
                    20.0,
                    1.14635,
                    30
                ],
                [
                    246.483,
                    256.483,
                    20.0,
                    1.15942,
                    31
                ],
                [
                    266.483,
                    276.483,
                    20.0,
                    1.17264,
                    32
                ],
                [
                    286.483,
                    296.483,
                    20.0,
                    1.186,
                    33
                ],
                [
                    306.483,
                    336.483,
                    60.0,
                    1.21315,
                    34
                ],
                [
                    366.483,
                    396.483,
                    60.0,
                    1.25511,
                    35
                ],
                [
                    426.483,
                    456.483,
                    60.0,
                    1.29852,
                    36
                ],
                [
                    486.483,
                    516.483,
                    60.0,
                    1.34344,
                    37
                ],
                [
                    546.483,
                    576.483,
                    60.0,
                    1.38991,
                    38
                ],
                [
                    606.483,
                    636.483,
                    60.0,
                    1.43799,
                    39
                ],
                [
                    666.483,
                    696.483,
                    60.0,
                    1.48773,
                    40
                ],
                [
                    726.483,
                    756.483,
                    60.0,
                    1.53919,
                    41
                ],
                [
                    786.483,
                    816.483,
                    60.0,
                    1.59243,
                    42
                ],
                [
                    846.483,
                    876.483,
                    60.0,
                    1.64751,
                    43
                ],
                [
                    906.483,
                    1056.483,
                    300.0,
                    1.82235,
                    44
                ],
                [
                    1206.487,
                    1356.487,
                    300.0,
                    2.1601,
                    45
                ],
                [
                    1506.487,
                    1656.487,
                    300.0,
                    2.56045,
                    46
                ],
                [
                    1806.487,
                    1956.487,
                    300.0,
                    3.035,
                    47
                ],
                [
                    2106.487,
                    2256.487,
                    300.0,
                    3.5975,
                    48
                ],
                [
                    2406.487,
                    2556.487,
                    300.0,
                    4.26426,
                    49
                ],
                [
                    2706.487,
                    2856.487,
                    300.0,
                    5.05458,
                    50
                ],
                [
                    3006.487,
                    3156.487,
                    300.0,
                    5.99139,
                    51
                ],
                [
                    3306.487,
                    3456.487,
                    300.0,
                    7.10182,
                    52
                ]
            ]
        }
    },
    "ConversionSoftware": "dcm2niix",
    "ConversionSoftwareVersion": "v1.0.20180404 GCC4.4.7"
}