{
    "Modality": "MR",
    "MagneticFieldStrength": 3,
    "ImagingFrequency": 123.21,
    "Manufacturer": "Siemens",
    "ManufacturersModelName": "Biograph_mMR",
    "DeviceSerialNumber": "51010",
    "PatientPosition": "HFS",
    "SoftwareVersions": "syngo_MR_B20P",
    "MRAcquisitionType": "2D",
    "SeriesDescription": "Axial_T2_TSE_with_Fat_Sat",
    "ScanningSequence": "SE",
    "SequenceVariant": "SK_SP_OSP",
    "ScanOptions": "FS",
    "SequenceName": "_tse2d1_15",
    "ImageType": [
        "ORIGINAL",
        "PRIMARY",
        "M",
        "NORM",
        "DIS2D"
    ],
    "AcquisitionTime": "15:03:16.682500",
    "AcquisitionNumber": 1,
    "SliceThickness": 4,
    "SpacingBetweenSlices": 4,
    "SAR": 0.266654,
    "EchoTime": 0.089,
    "RepetitionTime": 4,
    "FlipAngle": 150,
    "PartialFourier": 1,
    "BaseResolution": 256,
    "ShimSetting": [
        -6878,
        14596,
        -5584,
        100,
        165,
        -5,
        870,
        -343
    ],
    "TxRefAmp": 356.671,
    "PhaseResolution": 1,
    "ReceiveCoilName": "HeadNeck_MRPET",
    "CoilString": "C:HEA;HEP;NEP",
    "PulseSequenceDetails": "%SiemensSeq%_tse",
    "PercentPhaseFOV": 89.0625,
    "EchoTrainLength": 15,
    "PhaseEncodingSteps": 240,
    "AcquisitionMatrixPE": 228,
    "ReconMatrixPE": 256,
    "PixelBandwidth": 186,
    "DwellTime": 1.05e-05,
    "PhaseEncodingDirection": "i",
    "ImageOrientationPatientDICOM": [
        1,
        -2.05103e-10,
        0,
        2.05103e-10,
        1,
        0
    ],
    "InPlanePhaseEncodingDirectionDICOM": "ROW",
    "ConversionSoftware": "dcm2niix",
    "ConversionSoftwareVersion": "v1.0.20181125  GCC4.8.2"
}