{
    "Modality": "PT",
    "Manufacturer": "SIEMENS",
    "ManufacturersModelName": "ECAT HRplus 962 PET scanner",
    "DeviceSerialNumber": "101006",
    "Tracer.Name": "FDG",
    "Tracer.Isotope": "F18",
    "Tracer.InjectionType": "Bolus",
    "Recon.MethodName": "Back projection reconstruction",
    "BodyPart": "HEAD",
    "AttenuationCorrection": "2D measured ",
    "Data.DecayCorrectionTime": "Start",
    "Dosage": "",
    "DosageUnits": "",
    "InjectedMass": "",
    "InjectedMassUnits": "",
    "SpecificRadioactivity": "",
    "InjectionTime": "",
    "InjectionStartUnits": "hh:mm:ss",
    "ScanStartTime": "",
    "ScanStartUnits": "hh:mm:ss",
    "Time": {
        "FrameTimes": {
            "Labels": [
                "frameStart",
                "frameMidtime",
                "frameDuration",
                "DecayCorrectionFactor",
                "frameIndex"
            ],
            "Units": [
                "s",
                "s",
                "s",
                "s",
                ""
            ],
            "Values": [
                [
                    0.0,
                    2.5,
                    5.0,
                    1.00207,
                    1
                ],
                [
                    5.0,
                    7.5,
                    5.0,
                    1.0026,
                    2
                ],
                [
                    10.0,
                    12.5,
                    5.0,
                    1.00313,
                    3
                ],
                [
                    15.0,
                    17.5,
                    5.0,
                    1.00365,
                    4
                ],
                [
                    20.0,
                    22.5,
                    5.0,
                    1.00418,
                    5
                ],
                [
                    25.0,
                    27.5,
                    5.0,
                    1.00471,
                    6
                ],
                [
                    30.0,
                    32.5,
                    5.0,
                    1.00524,
                    7
                ],
                [
                    35.0,
                    37.5,
                    5.0,
                    1.00577,
                    8
                ],
                [
                    40.0,
                    42.5,
                    5.0,
                    1.0063,
                    9
                ],
                [
                    45.0,
                    47.508,
                    5.016,
                    1.00683,
                    10
                ],
                [
                    50.016,
                    52.516,
                    5.0,
                    1.00736,
                    11
                ],
                [
                    55.016,
                    57.516,
                    5.0,
                    1.00789,
                    12
                ],
                [
                    60.016,
                    62.516,
                    5.0,
                    1.00842,
                    13
                ],
                [
                    65.016,
                    67.516,
                    5.0,
                    1.00895,
                    14
                ],
                [
                    70.016,
                    72.516,
                    5.0,
                    1.00948,
                    15
                ],
                [
                    75.016,
                    77.516,
                    5.0,
                    1.01001,
                    16
                ],
                [
                    80.016,
                    82.516,
                    5.0,
                    1.01054,
                    17
                ],
                [
                    85.016,
                    87.516,
                    5.0,
                    1.01108,
                    18
                ],
                [
                    90.016,
                    92.516,
                    5.0,
                    1.01161,
                    19
                ],
                [
                    95.016,
                    97.516,
                    5.0,
                    1.01214,
                    20
                ],
                [
                    100.016,
                    102.516,
                    5.0,
                    1.01267,
                    21
                ],
                [
                    105.016,
                    107.524,
                    5.016,
                    1.01321,
                    22
                ],
                [
                    110.033,
                    112.533,
                    5.0,
                    1.01374,
                    23
                ],
                [
                    115.033,
                    117.533,
                    5.0,
                    1.01428,
                    24
                ],
                [
                    120.033,
                    130.033,
                    20.0,
                    1.01561,
                    25
                ],
                [
                    140.033,
                    150.033,
                    20.0,
                    1.01775,
                    26
                ],
                [
                    160.033,
                    170.033,
                    20.0,
                    1.01989,
                    27
                ],
                [
                    180.033,
                    190.033,
                    20.0,
                    1.02204,
                    28
                ],
                [
                    200.033,
                    210.033,
                    20.0,
                    1.0242,
                    29
                ],
                [
                    220.033,
                    230.033,
                    20.0,
                    1.02636,
                    30
                ],
                [
                    240.033,
                    250.033,
                    20.0,
                    1.02852,
                    31
                ],
                [
                    260.033,
                    270.033,
                    20.0,
                    1.03068,
                    32
                ],
                [
                    280.033,
                    290.033,
                    20.0,
                    1.03286,
                    33
                ],
                [
                    300.033,
                    330.033,
                    60.0,
                    1.03721,
                    34
                ],
                [
                    360.033,
                    390.033,
                    60.0,
                    1.04378,
                    35
                ],
                [
                    420.033,
                    450.033,
                    60.0,
                    1.05039,
                    36
                ],
                [
                    480.033,
                    510.033,
                    60.0,
                    1.05705,
                    37
                ],
                [
                    540.033,
                    570.033,
                    60.0,
                    1.06374,
                    38
                ],
                [
                    600.033,
                    630.033,
                    60.0,
                    1.07048,
                    39
                ],
                [
                    660.033,
                    690.033,
                    60.0,
                    1.07726,
                    40
                ],
                [
                    720.033,
                    750.033,
                    60.0,
                    1.08409,
                    41
                ],
                [
                    780.033,
                    810.033,
                    60.0,
                    1.09095,
                    42
                ],
                [
                    840.033,
                    870.033,
                    60.0,
                    1.09787,
                    43
                ],
                [
                    900.033,
                    1050.033,
                    300.0,
                    1.11882,
                    44
                ],
                [
                    1200.03,
                    1350.03,
                    300.0,
                    1.1547,
                    45
                ],
                [
                    1500.03,
                    1650.03,
                    300.0,
                    1.19174,
                    46
                ],
                [
                    1800.03,
                    1950.03,
                    300.0,
                    1.22997,
                    47
                ],
                [
                    2100.03,
                    2250.03,
                    300.0,
                    1.26942,
                    48
                ],
                [
                    2400.03,
                    2550.03,
                    300.0,
                    1.31014,
                    49
                ],
                [
                    2700.03,
                    2850.03,
                    300.0,
                    1.35217,
                    50
                ],
                [
                    3000.03,
                    3150.03,
                    300.0,
                    1.39554,
                    51
                ],
                [
                    3300.03,
                    3450.03,
                    300.0,
                    1.4403,
                    52
                ]
            ]
        }
    },
    "ConversionSoftware": "dcm2niix",
    "ConversionSoftwareVersion": "v1.0.20180404 GCC4.4.7"
}