{
    "Modality": "PT",
    "Manufacturer": "SIEMENS",
    "ManufacturersModelName": "ECAT HRplus 962 PET scanner",
    "DeviceSerialNumber": "101006",
    "Tracer.Name": "PIB",
    "Tracer.Isotope": "C11",
    "Tracer.InjectionType": "Bolus",
    "Recon.MethodName": "Back projection reconstruction",
    "BodyPart": "HEAD",
    "AttenuationCorrection": "2D measured ",
    "Data.DecayCorrectionTime": "Start",
    "Dosage": 7.8,
    "DosageUnits": "mCi",
    "InjectedMass": "",
    "InjectedMassUnits": "",
    "SpecificRadioactivity": 3830.0,
    "InjectionTime": "",
    "InjectionStartUnits": "hh:mm:ss",
    "ScanStartTime": "",
    "ScanStartUnits": "hh:mm:ss",
    "Time": {
        "FrameTimes": {
            "Labels": [
                "frameStart",
                "frameMidtime",
                "frameDuration",
                "DecayCorrectionFactor",
                "frameIndex"
            ],
            "Units": [
                "s",
                "s",
                "s",
                "s",
                ""
            ],
            "Values": [
                [
                    0.0,
                    2.5,
                    5.0,
                    1.02903,
                    1
                ],
                [
                    5.0,
                    7.5,
                    5.0,
                    1.03195,
                    2
                ],
                [
                    10.0,
                    12.5,
                    5.0,
                    1.03488,
                    3
                ],
                [
                    15.0,
                    17.5,
                    5.0,
                    1.03782,
                    4
                ],
                [
                    20.0,
                    22.5,
                    5.0,
                    1.04077,
                    5
                ],
                [
                    25.0,
                    27.5,
                    5.0,
                    1.04372,
                    6
                ],
                [
                    30.0,
                    32.5,
                    5.0,
                    1.04668,
                    7
                ],
                [
                    35.0,
                    37.5,
                    5.0,
                    1.04965,
                    8
                ],
                [
                    40.0,
                    42.5,
                    5.0,
                    1.05263,
                    9
                ],
                [
                    45.0,
                    47.508,
                    5.016,
                    1.05562,
                    10
                ],
                [
                    50.017,
                    52.517,
                    5.0,
                    1.05861,
                    11
                ],
                [
                    55.017,
                    57.517,
                    5.0,
                    1.06162,
                    12
                ],
                [
                    60.017,
                    62.517,
                    5.0,
                    1.06463,
                    13
                ],
                [
                    65.017,
                    67.517,
                    5.0,
                    1.06765,
                    14
                ],
                [
                    70.017,
                    72.517,
                    5.0,
                    1.07068,
                    15
                ],
                [
                    75.017,
                    77.517,
                    5.0,
                    1.07372,
                    16
                ],
                [
                    80.017,
                    82.517,
                    5.0,
                    1.07677,
                    17
                ],
                [
                    85.017,
                    87.517,
                    5.0,
                    1.07982,
                    18
                ],
                [
                    90.017,
                    92.517,
                    5.0,
                    1.08289,
                    19
                ],
                [
                    95.017,
                    97.517,
                    5.0,
                    1.08596,
                    20
                ],
                [
                    100.017,
                    102.517,
                    5.0,
                    1.08904,
                    21
                ],
                [
                    105.017,
                    107.517,
                    5.0,
                    1.09213,
                    22
                ],
                [
                    110.017,
                    112.517,
                    5.0,
                    1.09523,
                    23
                ],
                [
                    115.017,
                    117.517,
                    5.0,
                    1.09834,
                    24
                ],
                [
                    120.017,
                    130.017,
                    20.0,
                    1.10614,
                    25
                ],
                [
                    140.017,
                    150.017,
                    20.0,
                    1.11875,
                    26
                ],
                [
                    160.017,
                    170.017,
                    20.0,
                    1.1315,
                    27
                ],
                [
                    180.017,
                    190.017,
                    20.0,
                    1.1444,
                    28
                ],
                [
                    200.017,
                    210.017,
                    20.0,
                    1.15745,
                    29
                ],
                [
                    220.017,
                    230.017,
                    20.0,
                    1.17064,
                    30
                ],
                [
                    240.017,
                    250.017,
                    20.0,
                    1.18399,
                    31
                ],
                [
                    260.017,
                    270.017,
                    20.0,
                    1.19749,
                    32
                ],
                [
                    280.017,
                    290.017,
                    20.0,
                    1.21114,
                    33
                ],
                [
                    300.017,
                    330.017,
                    60.0,
                    1.23885,
                    34
                ],
                [
                    360.017,
                    390.017,
                    60.0,
                    1.28171,
                    35
                ],
                [
                    420.017,
                    450.017,
                    60.0,
                    1.32604,
                    36
                ],
                [
                    480.017,
                    510.017,
                    60.0,
                    1.37191,
                    37
                ],
                [
                    540.017,
                    570.017,
                    60.0,
                    1.41936,
                    38
                ],
                [
                    600.017,
                    630.017,
                    60.0,
                    1.46846,
                    39
                ],
                [
                    660.017,
                    690.017,
                    60.0,
                    1.51926,
                    40
                ],
                [
                    720.017,
                    750.017,
                    60.0,
                    1.57181,
                    41
                ],
                [
                    780.017,
                    810.017,
                    60.0,
                    1.62618,
                    42
                ],
                [
                    840.017,
                    870.017,
                    60.0,
                    1.68243,
                    43
                ],
                [
                    900.017,
                    1050.017,
                    300.0,
                    1.86097,
                    44
                ],
                [
                    1200.017,
                    1350.017,
                    300.0,
                    2.20588,
                    45
                ],
                [
                    1500.017,
                    1650.017,
                    300.0,
                    2.61471,
                    46
                ],
                [
                    1800.017,
                    1950.017,
                    300.0,
                    3.09932,
                    47
                ],
                [
                    2100.017,
                    2250.017,
                    300.0,
                    3.67374,
                    48
                ],
                [
                    2400.017,
                    2550.017,
                    300.0,
                    4.35462,
                    49
                ],
                [
                    2700.017,
                    2850.017,
                    300.0,
                    5.1617,
                    50
                ],
                [
                    3000.017,
                    3150.017,
                    300.0,
                    6.11836,
                    51
                ],
                [
                    3300.017,
                    3450.025,
                    300.016,
                    7.25232,
                    52
                ]
            ]
        }
    },
    "ConversionSoftware": "dcm2niix",
    "ConversionSoftwareVersion": "v1.0.20180404 GCC4.4.7"
}