{
    "Modality": "MR",
    "MagneticFieldStrength": 3,
    "ImagingFrequency": 123.25,
    "Manufacturer": "Siemens",
    "ManufacturersModelName": "MAGNETOM_Vida",
    "DeviceSerialNumber": "175614",
    "BodyPartExamined": "BRAIN",
    "PatientPosition": "HFS",
    "SoftwareVersions": "syngo_MR_XA11",
    "MRAcquisitionType": "2D",
    "SeriesDescription": "Axial_FLAIR",
    "SequenceVariant": "SK_SP_MP",
    "ImageType": [
        "ORIGINAL",
        "PRIMARY",
        "M",
        "NONE"
    ],
    "AcquisitionTime": "10:47:53.482500",
    "AcquisitionNumber": 1,
    "SliceThickness": 5,
    "SpacingBetweenSlices": 5,
    "EchoTime": 0.094,
    "RepetitionTime": 9,
    "FlipAngle": 150,
    "ReceiveCoilActiveElements": "HC1-7;NC1",
    "CoilString": "HeadNeck_64_CS",
    "PartialFourier": 0.140625,
    "PercentPhaseFOV": 100,
    "EchoTrainLength": 18,
    "AcquisitionMatrixPE": 256,
    "ReconMatrixPE": 256,
    "ParallelReductionFactorInPlane": 2,
    "PixelBandwidth": 222,
    "PhaseEncodingDirection": "i",
    "SliceTiming": [
        0,
        0.081,
        0.162,
        0.00016,
        0.08116,
        0.16216,
        0.0003225,
        0.0813225,
        0.162322,
        0.0004825,
        0.0814825,
        0.162482,
        0.0006425,
        0.0816425,
        0.162643,
        0.0008025,
        0.0818025,
        0.162803,
        0.000965,
        0.081965,
        0.162965,
        0.001125,
        0.082125,
        0.163125,
        0.001285,
        0.082285,
        0.163285,
        0.0014475,
        0.0824475,
        0.163447,
        0.0016075,
        0.0826075,
        0.163607,
        0.0017675,
        0.0827675
    ],
    "ImageOrientationPatientDICOM": [
        1,
        4.897e-12,
        0,
        -4.897e-12,
        1,
        0
    ],
    "InPlanePhaseEncodingDirectionDICOM": "ROW",
    "ConversionSoftware": "dcm2niix",
    "ConversionSoftwareVersion": "v1.0.20181125  GCC4.8.2"
}